id,StuId,Class,Sex,CHI611,MATH611,ENG611,CHI612,MATH612,ENG612,CHI621,MATH621,ENG621,CHI622,MATH622,ENG622,CHI711,MATH711,ENG711,CHI712,MATH712,ENG712,CHI721,MATH721,ENG721,CHI722,MATH722,ENG722,CHI811,MATH811,ENG811,PHY811,CHI812,MATH812,ENG812,PHY812,CHI821,MATH821,ENG821,PHY821,CHI822,MATH822,ENG822,PHY822,CHI911,MATH911,ENG911,PHY911,CHE911,CHI912,MATH912,ENG912,PHY912,CHE912,CHI921,MATH921,ENG921,PHY921,CHE921
1,A01,A,F,75.0,83.0,95.0,77.0,95.0,96.0,89.0,92.0,98.0,82.0,91.0,98.0,80.0,89.0,93.0,83.0,100.0,95.5,83.0,94.0,99.0,79.0,93.0,92.0,83.0,96.0,95.0,89.0,86.0,89.0,95.0,84.0,80.0,85.0,92.0,85.0,90.0,111.0,111.0,91.0,125.0,130.0,136.0,72.0,51.0,130.0,134.0,136.5,88.0,94.0,120.0,137.0,140.0,79.0,57.0
2,A02,A,F,88.0,100.0,90.0,88.0,100.0,95.0,91.0,96.0,96.0,86.0,94.0,96.0,85.0,94.0,94.0,88.0,95.0,98.0,82.0,94.0,96.0,83.0,93.0,97.0,93.0,97.0,94.0,97.0,89.0,96.0,100.0,91.0,87.0,82.0,93.0,90.0,105.0,118.0,110.5,96.0,132.0,150.0,137.0,82.0,58.0,132.0,146.0,142.0,97.0,96.0,134.0,138.0,145.5,84.0,57.0
3,A03,A,F,85.0,97.0,91.0,87.0,96.0,97.0,93.0,98.0,97.0,88.0,93.0,97.0,84.0,94.0,95.0,91.0,98.0,98.0,78.0,95.0,98.0,83.0,93.0,99.0,93.0,97.0,94.0,94.0,88.0,94.0,99.0,86.0,84.0,89.0,96.0,97.0,104.0,115.0,117.5,97.0,126.0,144.0,136.0,78.0,57.0,132.0,146.0,144.5,96.0,95.0,134.0,145.0,146.0,86.0,57.0
4,A04,A,F,83.0,97.0,97.0,83.0,94.0,97.0,86.0,92.0,97.0,89.0,86.0,95.0,83.0,92.0,91.0,82.0,97.0,95.5,83.0,90.0,94.0,79.0,90.0,93.0,89.0,95.0,93.0,95.0,88.0,91.0,93.0,80.0,80.0,92.0,93.0,94.0,92.0,119.0,109.0,93.0,125.0,134.0,135.0,83.0,53.0,133.0,129.0,142.0,84.0,94.0,121.0,136.0,140.0,83.0,53.0
5,A05,A,F,81.0,89.0,94.0,84.0,89.0,90.0,86.0,94.0,97.0,84.0,88.0,95.0,86.0,87.0,92.0,78.0,94.0,95.0,80.0,89.0,91.0,79.0,86.0,91.0,87.0,90.0,89.0,84.0,86.0,85.0,94.0,85.0,75.0,76.0,92.0,78.0,90.0,94.0,110.0,89.0,127.0,141.0,122.0,73.0,48.0,127.0,137.0,136.0,87.0,92.0,124.0,140.0,128.0,79.0,54.0
6,A06,A,F,78.0,100.0,90.0,82.0,99.0,94.0,88.0,99.0,95.0,86.0,95.0,95.0,80.0,96.0,96.0,83.0,86.0,98.5,,,,86.0,93.0,92.0,89.0,97.0,94.0,97.0,89.0,93.0,92.0,83.0,88.0,84.0,92.0,65.0,97.0,113.0,111.5,86.0,,,,,,,,,,,,,,,
7,A07,A,F,77.0,95.0,95.0,83.0,94.0,93.0,85.0,88.0,97.0,88.0,93.0,95.0,85.0,94.0,93.0,86.0,95.0,95.5,84.0,84.0,96.0,81.0,87.0,95.0,93.0,93.0,93.0,96.0,91.0,91.0,95.0,85.0,82.0,70.0,95.0,76.0,101.0,110.0,115.0,87.0,128.0,134.0,132.0,74.0,50.0,133.0,147.0,143.5,77.0,93.0,123.0,136.0,140.0,78.0,50.0
8,A08,A,F,75.0,93.0,95.0,83.0,89.0,89.0,86.0,94.0,97.0,84.0,93.0,92.0,81.0,89.0,89.0,85.0,96.0,87.5,77.0,93.0,91.0,74.0,89.0,90.0,87.0,87.0,91.0,96.0,86.0,88.0,93.0,94.0,81.0,73.0,88.0,80.0,96.0,109.0,111.5,93.0,119.0,119.0,131.0,77.0,52.0,129.0,136.0,136.0,80.0,95.0,122.0,132.0,143.5,79.0,51.0
9,A09,A,F,83.0,97.0,98.0,81.0,97.0,94.0,85.0,95.0,96.0,88.0,89.0,99.0,82.0,95.0,95.0,94.0,94.0,95.5,85.0,92.0,98.0,85.0,91.0,96.0,90.0,98.0,96.0,98.0,91.0,92.0,99.0,90.0,84.0,90.0,98.0,89.0,108.0,114.0,115.5,96.0,135.0,134.0,134.0,81.0,54.0,139.0,140.0,147.5,91.0,95.0,126.0,132.0,145.5,87.0,55.0
10,A10,A,F,82.0,91.0,90.0,79.0,86.0,89.0,77.0,89.0,85.0,79.0,89.0,89.0,82.0,80.0,87.0,80.0,93.0,84.0,76.0,80.0,82.0,82.0,77.0,88.0,85.0,85.0,85.0,89.0,88.0,87.0,87.0,74.0,76.0,89.0,87.0,72.0,96.0,106.0,106.5,86.0,120.0,135.0,121.0,70.0,48.0,122.0,136.0,134.0,87.0,85.0,123.0,138.0,136.0,71.0,52.0
11,A11,A,F,71.0,89.0,80.0,81.0,95.0,91.0,84.0,94.0,91.0,82.0,93.0,85.0,88.0,94.0,86.0,80.0,91.0,92.5,78.0,91.0,90.0,77.0,80.0,85.0,90.0,88.0,88.0,95.0,86.0,87.0,87.0,88.0,79.0,89.0,83.0,94.0,90.0,113.0,104.0,95.0,129.0,138.0,118.0,82.0,53.0,126.0,142.0,131.5,97.0,92.0,118.0,135.0,133.0,86.0,49.0
12,A12,A,F,81.0,92.0,89.0,77.0,92.0,97.0,81.0,91.0,93.0,81.0,90.0,91.0,,,,,,,,,,,,,,,,,,,,,,,,,,,,,,,,,,,,,,,,,,,
13,A13,A,F,82.0,90.0,79.0,80.0,85.0,87.0,87.0,90.0,94.0,83.0,93.0,85.0,79.0,92.0,80.0,80.0,84.0,91.5,82.0,93.0,85.0,75.0,80.0,84.0,85.0,83.0,86.0,86.0,86.0,80.0,90.0,79.0,79.0,61.0,79.0,72.0,95.0,102.0,101.5,85.0,121.0,141.0,120.0,74.0,53.0,122.0,137.0,131.5,78.0,92.0,120.0,127.0,139.0,78.0,53.0
14,A14,A,F,74.0,97.0,93.0,84.0,87.0,88.0,82.0,90.0,94.0,80.0,88.0,92.0,83.0,89.0,85.0,82.0,86.0,91.0,78.0,90.0,91.0,78.0,89.0,94.0,88.0,90.0,88.0,92.0,82.0,85.0,92.0,78.0,84.0,91.0,96.0,72.0,93.0,103.0,108.5,88.0,125.0,121.0,136.0,75.0,41.0,124.0,139.0,135.5,66.0,89.0,122.0,117.0,133.0,79.0,45.0
15,A15,A,F,80.0,83.0,88.0,80.0,84.0,91.0,84.0,83.0,88.0,80.0,92.0,86.0,81.0,93.0,80.0,80.0,87.0,87.5,81.0,90.0,83.0,77.0,79.0,76.0,84.0,80.0,80.0,95.0,87.0,84.0,87.0,80.0,80.0,84.0,84.0,88.0,97.0,101.0,112.5,97.0,117.0,129.0,124.0,78.0,48.0,126.0,131.0,134.0,87.0,92.0,122.0,134.0,133.0,80.0,52.0
16,A16,A,F,70.0,89.0,73.0,75.0,73.0,75.0,81.0,75.0,65.0,82.0,86.0,78.0,71.0,86.0,71.0,80.0,76.0,71.5,81.0,84.0,69.0,79.0,72.0,62.0,82.0,72.0,67.0,84.0,87.0,66.0,70.0,62.0,79.0,77.0,70.0,65.0,96.0,101.0,90.0,80.0,124.0,104.0,90.0,67.0,44.0,126.0,128.0,115.5,72.0,85.0,127.0,119.0,126.5,67.0,43.0
17,A17,A,M,79.0,96.0,93.0,85.0,98.0,95.0,85.0,91.0,89.0,84.0,92.0,94.0,87.0,93.0,90.0,86.0,99.0,92.0,82.0,94.0,90.0,77.0,86.0,88.0,91.0,94.0,82.0,95.0,88.0,86.0,88.0,90.0,81.0,90.0,92.0,90.0,98.0,97.0,115.5,95.0,131.0,136.0,123.0,81.0,56.0,126.0,138.0,135.0,92.0,93.0,,,,,
18,A18,A,M,77.0,97.0,92.0,81.0,91.0,94.0,84.0,98.0,93.0,79.0,95.0,92.0,71.0,95.0,92.0,87.0,95.0,94.0,87.0,88.0,89.0,77.0,78.0,88.0,83.0,91.0,79.0,86.0,89.0,96.0,90.0,78.0,78.0,93.0,85.0,71.0,99.0,99.0,115.0,90.0,117.0,135.0,124.0,82.0,45.0,129.0,124.0,136.0,91.0,78.0,122.0,134.0,139.0,82.0,50.0
19,A19,A,M,83.0,97.0,91.0,82.0,99.0,95.0,87.0,100.0,93.0,85.0,93.0,94.0,86.0,97.0,93.0,78.0,100.0,89.5,81.0,93.0,95.0,80.0,96.0,96.0,88.0,99.0,93.0,99.0,90.0,99.0,94.0,93.0,75.0,96.0,95.0,93.0,87.0,120.0,117.5,92.0,129.0,146.0,141.0,85.0,56.0,116.0,140.0,136.0,91.0,96.0,133.0,139.0,141.5,88.0,55.0
20,A20,A,M,80.0,91.0,91.0,80.0,92.0,93.0,75.0,94.0,91.0,71.0,81.0,94.0,66.0,93.0,84.0,80.0,93.0,86.5,82.0,81.0,85.0,75.0,82.0,89.0,73.0,92.0,79.0,84.0,88.0,88.0,91.0,84.0,76.0,82.0,89.0,92.0,86.0,105.0,98.0,97.0,113.0,129.0,119.0,77.0,53.0,124.0,140.0,129.5,85.0,92.0,120.0,127.0,134.0,86.0,50.0
21,A21,A,M,79.0,98.0,87.0,82.0,97.0,92.0,86.0,94.0,88.0,86.0,99.0,90.0,87.0,94.0,85.0,82.0,96.0,91.5,84.0,94.0,89.0,84.0,96.0,82.0,84.0,95.0,90.0,97.0,93.0,100.0,93.0,86.0,82.0,95.0,91.0,88.0,93.0,120.0,108.0,92.0,116.0,142.0,126.0,81.0,55.0,127.0,146.0,133.0,93.0,95.0,123.0,137.0,140.0,86.0,57.0
22,A22,A,M,79.0,91.0,85.0,82.0,95.0,94.0,81.0,91.0,88.0,83.0,96.0,88.0,84.0,95.0,92.0,86.0,96.0,90.5,81.0,95.0,90.0,83.0,90.0,90.0,83.0,96.0,86.0,99.0,90.0,92.0,92.0,91.0,86.0,84.0,94.0,95.0,86.0,117.0,109.5,96.0,132.0,141.0,135.0,80.0,58.0,131.0,142.0,135.0,95.0,93.0,119.0,137.0,142.0,82.0,55.0
23,A23,A,M,74.0,93.0,82.0,82.0,97.0,91.0,79.0,99.0,83.0,84.0,95.0,91.0,81.0,90.0,86.0,79.0,97.0,90.5,84.0,95.0,86.0,83.0,89.0,84.0,87.0,97.0,90.0,96.0,90.0,97.0,93.0,84.0,81.0,95.0,89.0,86.0,97.0,120.0,103.5,95.0,125.0,140.0,122.0,72.0,53.0,128.0,142.0,135.0,91.0,98.0,128.0,128.0,136.0,83.0,56.0
24,A24,A,M,80.0,87.0,87.0,81.0,98.0,91.0,84.0,92.0,89.0,81.0,94.0,92.0,82.0,92.0,91.0,78.0,95.0,95.0,79.0,86.0,95.0,73.0,88.0,87.0,87.0,97.0,91.0,91.0,84.0,95.0,96.0,87.0,84.0,93.0,96.0,83.0,101.0,108.0,113.0,95.0,135.0,129.0,132.0,82.0,55.0,130.0,143.0,140.0,92.0,97.0,124.0,139.0,138.5,85.0,53.0
25,A25,A,M,78.0,95.0,88.0,77.0,99.0,93.0,86.0,97.0,92.0,78.0,95.0,92.0,79.0,98.0,88.0,87.0,94.0,96.5,85.0,94.0,94.0,81.0,96.0,92.0,86.0,97.0,91.0,97.0,96.0,90.0,97.0,86.0,81.0,93.0,87.0,88.0,95.0,112.0,114.0,97.0,127.0,136.0,126.0,74.0,53.0,121.0,142.0,139.0,84.0,90.0,127.0,148.0,138.5,86.0,56.0
26,A26,A,M,77.0,76.0,84.0,82.0,89.0,80.0,80.0,91.0,80.0,73.0,87.0,86.0,71.0,83.0,79.0,79.0,89.0,90.0,73.0,87.0,84.0,70.0,83.0,81.0,70.0,87.0,84.0,83.0,90.0,87.0,84.0,79.0,75.0,89.0,84.0,56.0,86.0,96.0,98.5,78.0,124.0,115.0,128.0,75.0,44.0,108.0,126.0,114.5,69.0,60.0,113.0,120.0,121.0,63.0,47.0
27,A27,A,M,79.0,100.0,84.0,82.0,87.0,93.0,77.0,89.0,86.0,79.0,89.0,82.0,85.0,92.0,84.0,82.0,91.0,88.5,83.0,86.0,88.0,74.0,83.0,92.0,85.0,92.0,89.0,86.0,87.0,85.0,85.0,84.0,76.0,84.0,87.0,80.0,87.0,107.0,106.5,94.0,131.0,136.0,116.0,77.0,55.0,121.0,135.0,120.5,87.0,90.0,115.0,129.0,135.0,83.0,51.0
28,A28,A,M,81.0,94.0,96.0,91.0,95.0,92.0,85.0,94.0,93.0,86.0,89.0,96.0,85.0,94.0,97.0,92.0,100.0,94.0,,,,79.0,94.0,97.0,89.0,95.0,96.0,90.0,93.0,90.0,97.0,82.0,,,,,,,,,,,,,,,,,,,,,,,
29,A29,A,M,72.0,99.0,93.0,77.0,91.0,81.0,80.0,93.0,88.0,74.0,95.0,89.0,71.0,94.0,83.0,73.0,96.0,89.0,77.0,90.0,87.0,74.0,93.0,84.0,78.0,96.0,86.0,95.0,85.0,96.0,89.0,86.0,82.0,93.0,92.0,91.0,88.0,116.0,110.5,97.0,112.0,142.0,126.0,84.0,52.0,126.0,146.0,138.5,93.0,93.0,117.0,145.0,138.0,87.0,55.0
30,A30,A,M,71.0,84.0,91.0,81.0,92.0,85.0,75.0,94.0,90.0,79.0,93.0,91.0,76.0,96.0,82.0,77.0,91.0,90.0,72.0,87.0,85.0,72.0,89.0,84.0,76.0,88.0,73.0,82.0,85.0,92.0,88.0,87.0,72.0,90.0,91.0,81.0,84.0,110.0,109.0,94.0,118.0,131.0,121.0,76.0,52.0,112.0,132.0,129.5,90.0,91.0,113.0,150.0,124.0,78.0,49.0
31,A31,A,M,78.0,97.0,85.0,80.0,100.0,91.0,81.0,99.0,93.0,90.0,93.0,91.0,86.0,97.0,93.0,87.0,97.0,93.5,81.0,96.0,91.0,80.0,95.0,95.0,88.0,96.0,92.0,97.0,87.0,98.0,95.0,85.0,78.0,92.0,97.0,95.0,98.0,120.0,112.5,94.0,123.0,145.0,130.0,79.0,55.0,130.0,146.0,139.0,86.0,93.0,124.0,140.0,141.5,84.0,54.0
32,A32,A,M,75.0,83.0,84.0,80.0,85.0,81.0,70.0,88.0,87.0,83.0,91.0,88.0,82.0,91.0,85.0,82.0,87.0,87.5,79.0,83.0,88.0,80.0,89.0,88.0,85.0,84.0,87.0,93.0,82.0,87.0,93.0,80.0,81.0,92.0,88.0,86.0,95.0,96.0,107.0,84.0,118.0,138.0,124.0,76.0,53.0,125.0,127.0,130.5,85.0,90.0,122.0,134.0,130.0,84.0,52.0
33,A33,A,M,66.0,87.0,86.0,79.0,86.0,86.0,80.0,88.0,82.0,80.0,84.0,76.0,84.0,87.0,77.0,81.0,97.0,90.5,77.0,96.0,93.0,77.0,94.0,92.0,85.0,90.0,85.0,88.0,91.0,96.0,89.0,74.0,83.0,77.0,89.0,79.0,91.0,108.0,105.5,91.0,123.0,145.0,131.0,73.0,47.0,117.0,149.0,131.5,91.0,90.0,117.0,129.0,138.0,79.0,49.0
34,A34,A,M,55.0,84.0,89.0,64.0,89.0,86.0,68.0,86.0,83.0,67.0,84.0,88.0,78.0,83.0,80.0,71.0,87.0,86.5,70.0,76.0,83.0,68.0,79.0,80.0,74.0,85.0,81.0,90.0,76.0,68.0,77.0,73.0,63.0,84.0,80.0,74.0,84.0,105.0,94.0,84.0,109.0,90.0,112.0,73.0,38.0,114.0,130.0,120.5,78.0,82.0,105.0,122.0,128.5,72.0,44.0
35,A35,A,M,66.0,90.0,93.0,81.0,83.0,90.0,83.0,90.0,91.0,74.0,85.0,91.0,75.0,95.0,85.0,83.0,88.0,83.5,,,,72.0,80.0,87.0,89.0,91.0,85.0,86.0,85.0,86.0,87.0,73.0,77.0,82.0,89.0,78.0,100.0,105.0,110.0,93.0,,,,,,,,,,,,,,,
36,A36,A,M,61.0,73.0,71.0,67.0,71.0,60.0,71.0,61.0,45.0,69.0,74.0,67.0,,,,,,,,,,,,,,,,,,,,,,,,,,,,,,,,,,,,,,,,,,,
37,A37,A,M,71.0,92.0,71.0,73.0,78.0,74.0,72.0,83.0,80.0,74.0,80.0,79.0,72.0,86.0,75.0,69.0,93.0,78.5,73.0,83.0,81.0,75.0,75.0,73.0,77.0,71.0,75.0,77.0,84.0,58.0,77.0,60.0,73.0,76.0,69.0,43.0,86.0,101.0,78.0,71.0,118.0,103.0,97.0,67.0,33.0,108.0,121.0,109.0,68.0,72.0,110.0,121.0,120.5,60.0,41.0
38,A38,A,,,,,,,,,,,,,,71.0,83.0,75.0,68.0,93.0,82.5,75.0,85.0,78.0,74.0,73.0,86.0,73.0,84.0,80.0,85.0,88.0,75.0,92.0,71.0,79.0,84.0,88.0,68.0,86.0,102.0,107.5,87.0,123.0,124.0,124.0,68.0,45.0,121.0,130.0,134.5,75.0,81.0,112.0,123.0,134.5,69.0,49.0
39,A39,A,,,,,,,,,,,,,,70.0,84.0,65.0,84.0,74.0,58.5,75.0,72.0,68.0,73.0,64.0,72.0,83.0,32.0,55.0,69.0,84.0,55.0,60.0,65.0,71.0,56.0,61.0,50.0,90.0,76.0,86.5,69.0,117.0,84.0,77.0,56.0,36.0,115.0,111.0,84.0,58.0,70.0,107.0,101.0,108.0,49.0,28.0
40,A40,A,,,,,,,,,,,,,,,,,,,,87.0,93.0,89.0,86.0,88.0,90.0,91.0,97.0,94.0,91.0,88.0,86.0,96.0,81.0,80.0,89.0,92.0,89.0,95.0,114.0,116.0,93.0,126.0,146.0,130.0,74.0,53.0,124.0,143.0,141.5,92.0,89.0,121.0,137.0,137.0,82.0,53.0
41,A41,A,,,,,,,,,,,,,,,,,,,,79.0,85.0,73.0,72.0,67.0,83.0,87.0,49.0,81.0,72.0,89.0,50.0,82.0,72.0,71.0,66.0,78.0,57.0,94.0,80.0,106.5,70.0,118.0,107.0,109.0,68.0,46.0,125.0,111.0,124.0,70.0,77.0,112.0,113.0,131.0,64.0,43.0
42,B01,B,F,85.0,100.0,95.0,83.0,91.0,99.0,84.0,96.0,92.0,78.0,97.0,95.0,85.0,95.0,91.0,80.0,91.0,93.5,74.0,93.0,93.0,83.0,85.0,90.0,86.0,93.0,91.0,97.0,87.0,91.0,94.0,94.0,83.0,94.0,91.0,97.0,97.0,117.0,114.0,96.0,134.0,142.0,130.0,87.0,59.0,124.0,137.0,138.5,94.0,98.0,129.0,137.0,141.0,83.0,54.0
43,B02,B,F,79.0,96.0,94.0,78.0,94.0,96.0,75.0,96.0,96.0,77.0,92.0,97.0,70.0,93.0,94.0,83.0,97.0,97.0,77.0,95.0,97.0,81.0,95.0,97.0,78.0,91.0,93.0,99.0,92.0,88.0,97.0,91.0,81.0,92.0,96.0,87.0,102.0,114.0,118.0,97.0,122.0,,138.0,88.0,54.0,133.0,143.0,144.0,94.0,97.0,128.0,140.0,140.5,87.0,56.0
44,B03,B,F,79.0,97.0,99.0,80.0,99.0,98.0,90.0,100.0,98.0,82.0,99.0,98.0,77.0,95.0,97.0,88.0,97.0,97.5,83.0,94.0,98.0,80.0,90.0,96.0,86.0,99.0,97.0,97.0,91.0,90.0,98.0,98.0,84.0,95.0,97.0,96.0,101.0,117.0,117.0,99.0,136.0,142.0,137.0,85.0,57.0,126.0,148.0,146.5,95.0,95.0,130.0,134.0,146.0,86.0,55.0
45,B04,B,F,83.0,100.0,94.0,73.0,96.0,91.0,86.0,95.0,94.0,75.0,91.0,95.0,83.0,95.0,91.0,78.0,99.0,98.0,81.0,93.0,92.0,78.0,92.0,96.0,89.0,93.0,86.0,96.0,84.0,92.0,97.0,85.0,83.0,96.0,94.0,95.0,89.0,105.0,109.5,99.0,127.0,135.0,126.0,82.0,55.0,122.0,142.0,138.5,88.0,93.0,122.0,138.0,137.5,80.0,53.0
46,B05,B,F,76.0,91.0,94.0,89.0,97.0,98.0,89.0,100.0,95.0,88.0,95.0,97.0,87.0,97.0,98.0,86.0,100.0,97.0,82.0,93.0,94.0,85.0,88.0,99.0,84.0,96.0,95.0,96.0,87.0,95.0,98.0,92.0,89.0,89.0,93.0,100.0,99.0,120.0,116.5,99.0,137.0,145.0,133.0,83.0,59.0,135.0,145.0,144.0,95.0,93.0,122.0,144.0,146.0,88.0,58.0
47,B06,B,F,78.0,93.0,95.0,87.0,100.0,100.0,91.0,97.0,98.0,90.0,93.0,98.0,84.0,95.0,99.0,91.0,97.0,97.0,86.0,94.0,96.0,86.0,89.0,99.0,92.0,98.0,100.0,97.0,87.0,93.0,99.0,86.0,83.0,91.0,98.0,95.0,100.0,118.0,115.5,99.0,140.0,144.0,137.0,90.0,57.0,130.0,144.0,146.5,98.0,97.0,134.0,136.0,147.5,88.0,57.0
48,B07,B,F,82.0,96.0,98.0,88.0,92.0,100.0,90.0,96.0,99.0,89.0,95.0,98.0,82.0,90.0,97.0,88.0,88.0,99.0,89.0,91.0,97.0,88.0,86.0,96.0,90.0,83.0,96.0,95.0,88.0,86.0,98.0,92.0,81.0,79.0,93.0,91.0,94.0,93.0,119.0,98.0,135.0,141.0,134.0,81.0,54.0,135.0,146.0,141.5,92.0,95.0,129.0,135.0,145.0,85.0,45.0
49,B08,B,F,77.0,93.0,97.0,81.0,86.0,92.0,85.0,95.0,98.0,82.0,90.0,97.0,80.0,92.0,95.0,80.0,89.0,94.0,84.0,85.0,94.0,80.0,84.0,92.0,82.0,91.0,96.0,84.0,87.0,72.0,92.0,83.0,76.0,78.0,90.0,86.0,90.0,97.0,116.5,86.0,127.0,136.0,133.0,80.0,49.0,132.0,142.0,143.0,84.0,95.0,120.0,116.0,138.0,82.0,47.0
50,B09,B,F,79.0,95.0,91.0,82.0,94.0,91.0,82.0,95.0,93.0,81.0,95.0,92.0,82.0,93.0,88.0,85.0,98.0,95.5,86.0,82.0,93.0,72.0,94.0,92.0,89.0,86.0,90.0,93.0,91.0,88.0,94.0,88.0,80.0,89.0,91.0,92.0,97.0,110.0,105.5,99.0,126.0,136.0,128.0,76.0,49.0,129.0,147.0,144.0,87.0,89.0,127.0,143.0,131.0,84.0,49.0
51,B10,B,F,80.0,96.0,88.0,81.0,95.0,95.0,85.0,94.0,99.0,84.0,95.0,97.0,87.0,94.0,95.0,89.0,92.0,96.5,80.0,95.0,95.0,86.0,90.0,93.0,89.0,97.0,95.0,95.0,89.0,84.0,96.0,89.0,82.0,88.0,93.0,94.0,105.0,104.0,116.0,96.0,123.0,139.0,135.0,77.0,48.0,132.0,143.0,141.0,88.0,93.0,129.0,127.0,140.0,85.0,52.0
52,B11,B,F,78.0,99.0,89.0,81.0,92.0,87.0,79.0,97.0,95.0,84.0,98.0,94.0,79.0,95.0,95.0,85.0,96.0,91.5,75.0,98.0,95.0,79.0,92.0,92.0,77.0,95.0,89.0,92.0,88.0,87.0,97.0,94.0,76.0,85.0,93.0,93.0,91.0,103.0,112.5,94.0,126.0,137.0,126.0,79.0,50.0,130.0,139.0,140.0,83.0,92.0,119.0,136.0,136.0,87.0,54.0
53,B12,B,F,79.0,93.0,94.0,82.0,93.0,92.0,79.0,96.0,93.0,81.0,94.0,92.0,76.0,88.0,85.0,83.0,95.0,89.0,77.0,92.0,92.0,79.0,87.0,86.0,78.0,98.0,85.0,96.0,86.0,94.0,89.0,91.0,78.0,82.0,89.0,81.0,90.0,109.0,105.5,93.0,125.0,132.0,127.0,80.0,52.0,117.0,133.0,140.5,88.0,87.0,121.0,140.0,138.0,83.0,49.0
54,B13,B,F,73.0,92.0,84.0,85.0,86.0,89.0,89.0,95.0,84.0,85.0,96.0,91.0,82.0,93.0,90.0,83.0,100.0,92.0,81.0,92.0,88.0,78.0,94.0,90.0,87.0,97.0,84.0,93.0,89.0,92.0,86.0,86.0,82.0,82.0,88.0,92.0,96.0,115.0,103.5,100.0,135.0,146.0,124.0,85.0,55.0,122.0,145.0,139.5,94.0,88.0,125.0,135.0,139.0,81.0,54.0
55,B14,B,F,71.0,84.0,87.0,75.0,84.0,94.0,81.0,84.0,93.0,78.0,82.0,86.0,69.0,83.0,83.0,76.0,84.0,91.0,77.0,81.0,88.0,72.0,74.0,88.0,77.0,68.0,79.0,88.0,79.0,46.0,88.0,74.0,70.0,76.0,83.0,80.0,77.0,97.0,102.5,83.0,108.0,105.0,123.0,72.0,46.0,112.0,116.0,136.0,80.0,78.0,105.0,123.0,132.0,69.0,41.0
56,B15,B,F,80.0,98.0,88.0,77.0,88.0,89.0,86.0,89.0,97.0,83.0,90.0,94.0,83.0,91.0,90.0,83.0,88.0,90.0,80.0,85.0,92.0,79.0,68.0,86.0,84.0,85.0,89.0,94.0,86.0,64.0,87.0,84.0,87.0,81.0,90.0,77.0,86.0,76.0,104.5,98.0,125.0,83.0,120.0,70.0,45.0,124.0,123.0,134.0,64.0,59.0,130.0,109.0,136.5,75.0,37.0
57,B16,B,F,77.0,87.0,90.0,79.0,81.0,91.0,86.0,84.0,92.0,77.0,95.0,94.0,80.0,95.0,90.0,85.0,97.0,92.0,77.0,91.0,93.0,83.0,89.0,91.0,83.0,97.0,87.0,97.0,90.0,76.0,92.0,90.0,76.0,85.0,89.0,93.0,93.0,95.0,114.5,99.0,130.0,142.0,135.0,78.0,54.0,125.0,137.0,141.0,81.0,84.0,120.0,140.0,138.0,83.0,53.0
58,B17,B,F,69.0,54.0,34.0,66.0,40.0,47.0,67.0,66.0,33.0,59.0,56.0,39.0,67.0,72.0,34.0,59.0,51.0,28.5,42.0,35.0,30.0,65.0,24.0,29.0,72.0,6.0,26.0,54.0,71.0,1.0,21.0,52.0,63.0,8.0,40.0,54.0,65.0,25.0,26.5,60.0,108.0,13.0,33.0,48.0,21.0,,,,,,105.0,40.0,54.5,47.0,23.0
59,B18,B,F,75.0,93.0,78.0,71.0,98.0,84.0,85.0,98.0,84.0,78.0,92.0,84.0,77.0,92.0,70.0,,,,72.0,92.0,79.0,72.0,91.0,80.0,86.0,95.0,91.0,99.0,89.0,92.0,68.0,87.0,75.0,85.0,73.0,94.0,89.0,109.0,85.0,93.0,118.0,139.0,97.0,85.0,55.0,128.0,134.0,119.0,90.0,91.0,114.0,131.0,114.5,83.0,54.0
60,B19,B,M,87.0,100.0,90.0,77.0,97.0,86.0,90.0,95.0,92.0,80.0,95.0,94.0,77.0,93.0,92.0,79.0,98.0,90.0,80.0,90.0,90.0,73.0,83.0,90.0,81.0,93.0,92.0,97.0,86.0,82.0,89.0,93.0,75.0,86.0,86.0,97.0,87.0,105.0,107.0,95.0,126.0,130.0,114.0,89.0,48.0,118.0,142.0,131.5,95.0,90.0,118.0,132.0,139.0,84.0,53.0
61,B20,B,M,79.0,100.0,93.0,79.0,88.0,90.0,77.0,97.0,93.0,77.0,98.0,91.0,73.0,95.0,89.0,79.0,92.0,90.0,72.0,96.0,91.0,77.0,90.0,86.0,80.0,95.0,82.0,96.0,87.0,93.0,87.0,87.0,75.0,90.0,84.0,91.0,94.0,104.0,112.0,95.0,119.0,148.0,124.0,81.0,56.0,117.0,144.0,138.5,97.0,93.0,120.0,146.0,137.5,87.0,57.0
62,B21,B,M,82.0,100.0,86.0,84.0,93.0,97.0,88.0,97.0,97.0,83.0,100.0,96.0,88.0,95.0,98.0,89.0,100.0,97.0,84.0,87.0,98.0,86.0,92.0,97.0,87.0,100.0,95.0,98.0,89.0,96.0,96.0,95.0,84.0,94.0,98.0,95.0,105.0,114.0,116.5,94.0,127.0,134.0,145.0,89.0,59.0,124.0,144.0,145.5,95.0,97.0,123.0,139.0,143.0,89.0,57.0
63,B22,B,M,78.0,92.0,88.0,79.0,85.0,88.0,79.0,92.0,90.0,67.0,89.0,87.0,81.0,96.0,89.0,73.0,91.0,90.5,79.0,84.0,87.0,74.0,79.0,84.0,72.0,72.0,81.0,86.0,84.0,66.0,81.0,74.0,,,,,94.0,100.0,101.5,90.0,115.0,119.0,121.0,69.0,46.0,115.0,118.0,134.0,83.0,77.0,123.0,121.0,129.5,75.0,38.0
64,B23,B,M,81.0,98.0,95.0,85.0,93.0,98.0,91.0,96.0,100.0,86.0,95.0,98.0,86.0,93.0,96.0,92.0,100.0,97.5,80.0,95.0,92.0,87.0,94.0,95.0,87.0,98.0,92.0,98.0,91.0,94.0,96.0,97.0,86.0,91.0,97.0,93.0,103.0,110.0,114.5,97.0,128.0,140.0,142.0,86.0,56.0,133.0,141.0,143.0,96.0,90.0,128.0,137.0,133.0,87.0,53.0
65,B24,B,M,77.0,98.0,93.0,82.0,97.0,93.0,83.0,94.0,96.0,86.0,92.0,98.0,87.0,88.0,93.0,85.0,99.0,95.5,86.0,93.0,94.0,78.0,83.0,97.0,90.0,95.0,94.0,98.0,87.0,84.0,94.0,93.0,84.0,91.0,93.0,97.0,103.0,109.0,115.5,100.0,123.0,139.0,132.0,81.0,57.0,130.0,128.0,139.5,98.0,97.0,128.0,138.0,140.0,87.0,56.0
66,B25,B,M,81.0,98.0,92.0,86.0,91.0,92.0,83.0,93.0,90.0,84.0,91.0,96.0,85.0,93.0,93.0,84.0,94.0,94.5,80.0,93.0,96.0,78.0,80.0,92.0,87.0,90.0,92.0,92.0,90.0,85.0,95.0,88.0,83.0,89.0,93.0,87.0,97.0,104.0,113.0,97.0,125.0,136.0,133.0,76.0,55.0,126.0,140.0,135.5,89.0,92.0,125.0,134.0,142.5,86.0,55.0
67,B26,B,M,80.0,93.0,91.0,75.0,90.0,86.0,88.0,94.0,91.0,73.0,90.0,89.0,75.0,92.0,94.0,83.0,97.0,89.5,78.0,88.0,95.0,85.0,93.0,94.0,85.0,97.0,94.0,100.0,87.0,96.0,95.0,89.0,79.0,89.0,95.0,96.0,88.0,115.0,117.0,98.0,122.0,132.0,134.0,82.0,55.0,122.0,149.0,139.5,92.0,92.0,118.0,140.0,144.0,82.0,50.0
68,B27,B,M,80.0,99.0,88.0,81.0,93.0,91.0,82.0,96.0,86.0,82.0,94.0,92.0,80.0,91.0,88.0,82.0,97.0,91.5,81.0,91.0,91.0,81.0,84.0,91.0,85.0,86.0,86.0,92.0,83.0,84.0,90.0,80.0,72.0,85.0,89.0,89.0,95.0,101.0,106.0,90.0,128.0,120.0,118.0,71.0,46.0,114.0,133.0,133.5,94.0,82.0,113.0,114.0,132.0,85.0,42.0
69,B28,B,M,78.0,100.0,91.0,80.0,97.0,97.0,83.0,98.0,92.0,81.0,97.0,95.0,80.0,93.0,95.0,83.0,100.0,94.5,81.0,93.0,94.0,75.0,88.0,93.0,79.0,90.0,86.0,93.0,90.0,84.0,91.0,91.0,83.0,87.0,89.0,97.0,92.0,105.0,108.0,93.0,117.0,143.0,133.0,85.0,53.0,121.0,138.0,131.5,95.0,82.0,118.0,128.0,137.0,81.0,50.0
70,B29,B,M,77.0,100.0,89.0,80.0,99.0,94.0,82.0,97.0,91.0,81.0,98.0,97.0,84.0,95.0,92.0,78.0,96.0,93.5,80.0,94.0,93.0,75.0,81.0,96.0,83.0,95.0,89.0,97.0,89.0,88.0,97.0,93.0,84.0,76.0,91.0,96.0,93.0,116.0,108.0,97.0,123.0,134.0,123.0,82.0,53.0,116.0,123.0,128.5,84.0,92.0,112.0,113.0,140.5,80.0,48.0
71,B30,B,M,83.0,100.0,87.0,85.0,96.0,87.0,74.0,92.0,88.0,80.0,93.0,87.0,82.0,93.0,80.0,80.0,97.0,85.5,73.0,94.0,85.0,73.0,98.0,86.0,79.0,91.0,75.0,96.0,87.0,89.0,74.0,88.0,74.0,89.0,77.0,91.0,97.0,114.0,90.0,96.0,112.0,135.0,114.0,84.0,57.0,118.0,136.0,123.0,93.0,94.0,118.0,137.0,122.0,83.0,54.0
72,B31,B,M,73.0,97.0,90.0,78.0,93.0,91.0,73.0,93.0,93.0,80.0,95.0,92.0,75.0,95.0,86.0,80.0,93.0,95.5,78.0,93.0,88.0,76.0,83.0,93.0,81.0,92.0,88.0,94.0,89.0,88.0,95.0,88.0,76.0,85.0,95.0,90.0,92.0,99.0,112.0,93.0,125.0,128.0,131.0,81.0,53.0,125.0,136.0,141.0,94.0,93.0,112.0,129.0,143.0,87.0,47.0
73,B32,B,M,72.0,86.0,73.0,79.0,89.0,79.0,76.0,90.0,79.0,63.0,87.0,80.0,60.0,91.0,70.0,76.0,93.0,75.5,68.0,86.0,62.0,73.0,77.0,76.0,75.0,91.0,68.0,84.0,81.0,85.0,79.0,78.0,74.0,74.0,74.0,81.0,65.0,110.0,94.5,90.0,116.0,139.0,103.0,75.0,49.0,111.0,138.0,106.0,87.0,86.0,108.0,128.0,119.5,77.0,52.0
74,B33,B,M,78.0,93.0,81.0,81.0,94.0,82.0,83.0,85.0,87.0,78.0,94.0,94.0,73.0,88.0,77.0,80.0,81.0,84.0,72.0,91.0,92.0,80.0,86.0,88.0,80.0,93.0,80.0,96.0,87.0,84.0,77.0,84.0,78.0,78.0,75.0,93.0,91.0,106.0,108.0,95.0,116.0,127.0,111.0,80.0,43.0,123.0,128.0,130.0,85.0,89.0,120.0,127.0,134.0,81.0,54.0
75,B34,B,M,76.0,84.0,83.0,74.0,84.0,91.0,76.0,81.0,81.0,72.0,82.0,85.0,81.0,83.0,81.0,68.0,76.0,85.0,78.0,83.0,85.0,74.0,81.0,82.0,77.0,92.0,84.0,80.0,79.0,70.0,87.0,74.0,73.0,73.0,87.0,81.0,87.0,95.0,109.0,84.0,120.0,118.0,128.0,72.0,46.0,121.0,125.0,134.0,77.0,82.0,115.0,116.0,126.5,78.0,43.0
76,B35,B,M,71.0,77.0,79.0,72.0,79.0,77.0,76.0,87.0,78.0,74.0,82.0,87.0,81.0,86.0,70.0,79.0,78.0,86.0,,,,77.0,66.0,82.0,,,,,,,,,,,,,,,,,,,,,,,,,,,,,,,
77,B36,B,M,86.0,92.0,87.0,83.0,98.0,90.0,83.0,96.0,91.0,79.0,95.0,93.0,,,,,,,,,,,,,,,,,,,,,,,,,,,,,,,,,,,,,,,,,,,
78,B37,B,,,,,,,,,,,,,,81.0,95.0,92.0,80.0,90.0,96.5,86.0,90.0,87.0,,,,,,,,,,,,,,,,,,,,,,,,,,,,,,,,,,
79,B38,B,,,,,,,,,,,,,,84.0,85.0,82.0,85.0,93.0,93.5,81.0,91.0,90.0,80.0,84.0,90.0,88.0,84.0,83.0,86.0,89.0,82.0,94.0,83.0,82.0,76.0,93.0,88.0,96.0,83.0,109.5,90.0,137.0,130.0,124.0,78.0,49.0,121.0,133.0,137.0,88.0,92.0,120.0,136.0,137.0,82.0,50.0
80,B39,B,,,,,,,,,,,,,,78.0,91.0,80.0,75.0,94.0,85.5,77.0,92.0,92.0,79.0,84.0,89.0,81.0,86.0,80.0,96.0,89.0,81.0,91.0,87.0,80.0,87.0,91.0,95.0,92.0,102.0,108.5,96.0,125.0,132.0,121.0,81.0,48.0,126.0,135.0,141.5,98.0,83.0,121.0,140.0,137.5,84.0,51.0
81,B40,B,,,,,,,,,,,,,,,,,85.0,95.0,90.0,75.0,90.0,94.0,82.0,84.0,94.0,88.0,85.0,87.0,96.0,88.0,73.0,96.0,81.0,78.0,52.0,92.0,89.0,94.0,98.0,114.5,97.0,127.0,122.0,126.0,81.0,43.0,125.0,121.0,134.5,83.0,86.0,121.0,130.0,143.5,86.0,52.0
82,B41,B,,,,,,,,,,,,,,,,,,,,,,,82.0,91.0,90.0,88.0,86.0,87.0,95.0,89.0,92.0,87.0,88.0,79.0,87.0,95.0,92.0,93.0,109.0,107.5,96.0,128.0,131.0,128.0,83.0,48.0,123.0,137.0,137.5,91.0,88.0,118.0,138.0,137.0,80.0,52.0
83,B42,B,,,,,,,,,,,,,,,,,,,,,,,,,,92.0,97.0,93.0,100.0,93.0,99.0,97.0,89.0,82.0,93.0,95.0,100.0,97.0,117.0,116.5,100.0,131.0,144.0,139.0,87.0,58.0,126.0,142.0,143.0,96.0,93.0,127.0,141.0,147.5,87.0,53.0
84,C01,C,F,80.0,92.0,93.0,81.0,90.0,89.0,72.0,86.0,94.0,71.0,93.0,94.0,76.0,90.0,89.0,75.0,92.0,87.0,81.0,88.0,89.0,77.0,86.0,88.0,79.0,84.0,87.0,96.0,84.0,92.0,94.0,90.0,78.0,90.0,91.0,90.0,92.0,111.0,114.5,94.0,113.0,128.0,129.0,80.0,51.0,109.0,135.0,134.0,86.0,85.0,115.0,132.0,134.0,77.0,48.0
85,C02,C,F,78.0,100.0,94.0,82.0,94.0,100.0,78.0,100.0,97.0,83.0,95.0,97.0,83.0,100.0,97.0,85.0,97.0,97.0,77.0,96.0,97.0,81.0,97.0,97.0,84.0,100.0,95.0,99.0,84.0,97.0,99.0,98.0,77.0,94.0,93.0,98.0,93.0,110.0,115.0,96.0,131.0,144.0,138.0,87.0,57.0,119.0,150.0,141.5,91.0,96.0,122.0,142.0,142.0,90.0,57.0
86,C03,C,F,77.0,92.0,92.0,80.0,92.0,95.0,84.0,88.0,92.0,75.0,83.0,93.0,81.0,92.0,96.0,83.0,86.0,95.5,79.0,96.0,92.0,76.0,86.0,92.0,86.0,89.0,93.0,94.0,83.0,75.0,93.0,82.0,77.0,85.0,92.0,84.0,88.0,113.0,114.5,95.0,128.0,137.0,117.0,71.0,42.0,122.0,133.0,133.5,78.0,78.0,113.0,136.0,137.5,83.0,51.0
87,C04,C,F,79.0,80.0,91.0,75.0,100.0,87.0,82.0,97.0,86.0,83.0,93.0,93.0,76.0,93.0,94.0,75.0,91.0,91.0,81.0,94.0,92.0,75.0,91.0,90.0,82.0,96.0,85.0,92.0,87.0,86.0,92.0,77.0,77.0,77.0,88.0,89.0,89.0,117.0,102.5,96.0,129.0,135.0,110.0,74.0,48.0,116.0,139.0,131.5,89.0,83.0,118.0,135.0,129.0,84.0,50.0
88,C05,C,F,79.0,95.0,94.0,81.0,99.0,97.0,81.0,97.0,93.0,81.0,98.0,100.0,82.0,90.0,90.0,85.0,98.0,95.5,78.0,96.0,97.0,82.0,95.0,96.0,81.0,95.0,87.0,93.0,85.0,90.0,98.0,98.0,71.0,90.0,93.0,91.0,92.0,113.0,112.5,98.0,126.0,136.0,126.0,78.0,49.0,123.0,137.0,142.0,89.0,90.0,123.0,129.0,141.0,87.0,54.0
89,C06,C,F,79.0,95.0,97.0,85.0,97.0,100.0,85.0,94.0,98.0,80.0,94.0,99.0,84.0,94.0,97.0,83.0,94.0,96.0,68.0,96.0,96.0,82.0,88.0,98.0,83.0,97.0,88.0,92.0,79.0,96.0,100.0,90.0,79.0,89.0,97.0,96.0,94.0,109.0,112.5,98.0,127.0,142.0,131.0,79.0,50.0,122.0,142.0,139.0,89.0,89.0,120.0,137.0,143.5,86.0,53.0
90,C07,C,F,85.0,95.0,94.0,84.0,88.0,98.0,80.0,96.0,95.0,82.0,89.0,94.0,85.0,95.0,89.0,84.0,92.0,95.0,84.0,91.0,93.0,79.0,93.0,97.0,87.0,92.0,82.0,96.0,86.0,85.0,92.0,90.0,82.0,87.0,92.0,93.0,93.0,108.0,115.0,96.0,126.0,125.0,128.0,74.0,55.0,121.0,135.0,144.5,91.0,96.0,125.0,136.0,138.0,85.0,56.0
91,C08,C,F,69.0,97.0,90.0,84.0,88.0,91.0,84.0,93.0,90.0,78.0,87.0,92.0,74.0,96.0,90.0,79.0,86.0,91.5,83.0,90.0,90.0,80.0,94.0,93.0,80.0,87.0,91.0,94.0,81.0,98.0,95.0,92.0,71.0,90.0,90.0,92.0,92.0,111.0,116.0,97.0,121.0,145.0,136.0,75.0,50.0,114.0,138.0,140.5,86.0,95.0,128.0,130.0,143.0,86.0,57.0
92,C09,C,F,70.0,82.0,82.0,67.0,80.0,82.0,75.0,85.0,84.0,72.0,96.0,79.0,67.0,90.0,73.0,70.0,95.0,83.5,73.0,81.0,91.0,74.0,87.0,87.0,81.0,88.0,82.0,87.0,79.0,84.0,88.0,79.0,73.0,79.0,84.0,82.0,85.0,107.0,101.5,95.0,119.0,135.0,115.0,73.0,51.0,108.0,128.0,127.5,93.0,88.0,102.0,122.0,136.5,86.0,52.0
93,C10,C,F,79.0,81.0,89.0,77.0,85.0,83.0,78.0,81.0,89.0,79.0,94.0,90.0,75.0,89.0,86.0,80.0,98.0,92.0,74.0,85.0,87.0,73.0,88.0,89.0,84.0,93.0,85.0,94.0,84.0,83.0,79.0,87.0,72.0,88.0,85.0,90.0,87.0,98.0,107.0,98.0,122.0,128.0,116.0,72.0,48.0,126.0,133.0,132.0,90.0,87.0,110.0,129.0,134.0,79.0,51.0
94,C11,C,F,77.0,87.0,85.0,72.0,79.0,88.0,79.0,87.0,87.0,75.0,87.0,90.0,75.0,77.0,87.0,72.0,79.0,81.5,78.0,88.0,85.0,69.0,80.0,83.0,73.0,91.0,84.0,89.0,78.0,71.0,77.0,75.0,78.0,77.0,84.0,83.0,87.0,102.0,98.5,94.0,116.0,117.0,117.0,68.0,44.0,122.0,133.0,129.5,80.0,84.0,123.0,109.0,136.0,79.0,53.0
95,C12,C,F,78.0,93.0,92.0,81.0,87.0,95.0,87.0,87.0,95.0,81.0,92.0,92.0,84.0,95.0,93.0,78.0,87.0,95.5,81.0,94.0,92.0,86.0,90.0,91.0,85.0,97.0,86.0,92.0,90.0,84.0,92.0,88.0,72.0,88.0,92.0,100.0,98.0,111.0,110.5,99.0,133.0,138.0,128.0,78.0,48.0,117.0,129.0,144.0,90.0,86.0,119.0,122.0,139.5,85.0,50.0
96,C13,C,F,74.0,84.0,83.0,74.0,75.0,87.0,81.0,83.0,86.0,75.0,97.0,93.0,67.0,86.0,76.0,81.0,86.0,84.0,74.0,93.0,79.0,69.0,80.0,85.0,72.0,90.0,78.0,80.0,77.0,69.0,68.0,74.0,68.0,73.0,70.0,71.0,84.0,84.0,101.5,93.0,116.0,107.0,112.0,66.0,38.0,111.0,125.0,127.0,68.0,75.0,120.0,121.0,129.0,69.0,44.0
97,C14,C,F,80.0,82.0,87.0,71.0,80.0,86.0,74.0,84.0,83.0,79.0,76.0,90.0,77.0,81.0,82.0,77.0,77.0,94.0,74.0,90.0,95.0,68.0,80.0,94.0,83.0,81.0,87.0,89.0,77.0,76.0,94.0,83.0,77.0,73.0,87.0,80.0,92.0,91.0,118.0,94.0,120.0,136.0,128.0,75.0,47.0,122.0,133.0,134.5,80.0,85.0,121.0,131.0,134.0,83.0,52.0
98,C15,C,M,76.0,100.0,90.0,80.0,96.0,92.0,79.0,90.0,86.0,85.0,100.0,98.0,82.0,100.0,84.0,77.0,100.0,93.5,78.0,95.0,96.0,78.0,93.0,92.0,85.0,100.0,88.0,97.0,84.0,97.0,91.0,98.0,77.0,95.0,91.0,96.0,95.0,120.0,111.0,96.0,125.0,150.0,136.0,85.0,56.0,125.0,146.0,141.5,94.0,98.0,120.0,149.0,141.0,88.0,57.0
99,C16,C,M,84.0,100.0,87.0,83.0,94.0,92.0,77.0,94.0,91.0,83.0,98.0,96.0,82.0,97.0,95.0,87.0,96.0,91.0,75.0,95.0,96.0,81.0,100.0,94.0,80.0,91.0,93.0,98.0,84.0,98.0,95.0,96.0,78.0,96.0,92.0,94.0,93.0,113.0,112.5,97.0,123.0,146.0,125.0,83.0,59.0,125.0,141.0,141.0,89.0,97.0,117.0,140.0,142.0,88.0,56.0
100,C17,C,M,73.0,95.0,87.0,79.0,86.0,85.0,71.0,85.0,86.0,77.0,96.0,90.0,83.0,90.0,82.0,78.0,98.0,90.5,78.0,88.0,91.0,79.0,90.0,90.0,89.0,91.0,88.0,96.0,82.0,90.0,91.0,91.0,70.0,91.0,80.0,97.0,84.0,107.0,102.5,100.0,124.0,145.0,119.0,86.0,59.0,123.0,146.0,130.0,90.0,90.0,115.0,133.0,133.0,80.0,57.0
101,C18,C,M,74.0,95.0,97.0,83.0,94.0,96.0,77.0,90.0,95.0,87.0,98.0,95.0,84.0,98.0,98.0,88.0,94.0,94.0,81.0,93.0,95.0,86.0,91.0,95.0,82.0,94.0,93.0,95.0,85.0,98.0,99.0,94.0,78.0,93.0,90.0,99.0,94.0,106.0,113.5,99.0,118.0,130.0,135.0,88.0,56.0,124.0,143.0,137.5,91.0,96.0,123.0,146.0,143.0,87.0,56.0
102,C19,C,M,84.0,84.0,93.0,82.0,84.0,94.0,81.0,90.0,96.0,74.0,94.0,96.0,81.0,92.0,90.0,85.0,88.0,94.5,78.0,90.0,92.0,73.0,76.0,92.0,68.0,81.0,87.0,91.0,85.0,86.0,91.0,77.0,75.0,81.0,85.0,82.0,90.0,98.0,110.0,94.0,119.0,119.0,127.0,70.0,35.0,117.0,123.0,137.5,79.0,79.0,115.0,115.0,135.0,79.0,49.0
103,C20,C,M,71.0,93.0,95.0,82.0,95.0,93.0,73.0,90.0,91.0,75.0,98.0,96.0,79.0,94.0,91.0,84.0,95.0,94.0,76.0,91.0,96.0,74.0,94.0,93.0,87.0,93.0,93.0,93.0,84.0,96.0,93.0,87.0,78.0,88.0,92.0,96.0,97.0,115.0,115.5,97.0,122.0,143.0,126.0,85.0,57.0,132.0,145.0,138.0,89.0,97.0,121.0,145.0,142.0,89.0,57.0
104,C21,C,M,78.0,71.0,94.0,80.0,88.0,89.0,77.0,83.0,93.0,71.0,78.0,94.0,74.0,82.0,87.0,78.0,75.0,86.5,81.0,81.0,95.0,71.0,76.0,93.0,70.0,83.0,84.0,84.0,84.0,79.0,89.0,77.0,73.0,82.0,91.0,82.0,88.0,110.0,106.5,89.0,120.0,123.0,119.0,71.0,33.0,118.0,132.0,135.0,68.0,69.0,115.0,123.0,134.5,72.0,45.0
105,C22,C,M,79.0,92.0,89.0,82.0,99.0,93.0,81.0,88.0,83.0,75.0,90.0,89.0,79.0,87.0,90.0,84.0,91.0,94.5,82.0,92.0,89.0,76.0,82.0,93.0,81.0,95.0,85.0,89.0,81.0,87.0,90.0,89.0,75.0,86.0,89.0,97.0,97.0,114.0,112.0,96.0,124.0,140.0,124.0,74.0,50.0,117.0,143.0,131.5,86.0,93.0,119.0,133.0,136.5,85.0,57.0
106,C23,C,M,79.0,95.0,95.0,78.0,91.0,94.0,77.0,90.0,92.0,75.0,96.0,98.0,75.0,95.0,93.0,79.0,90.0,96.0,,,,75.0,91.0,93.0,75.0,95.0,92.0,92.0,76.0,93.0,98.0,90.0,72.0,86.0,92.0,89.0,91.0,101.0,110.5,93.0,,,,,,,,,,,,,,,
107,C24,C,,,,,81.0,,,,,,,,,,,,,,,,,,,,,,,,,,,,,,,,,,,,,,,,,,,,,,,,,,,
108,C25,C,M,79.0,92.0,91.0,77.0,88.0,94.0,83.0,96.0,96.0,83.0,95.0,92.0,80.0,95.0,98.0,69.0,96.0,97.5,81.0,91.0,97.0,76.0,86.0,95.0,84.0,100.0,94.0,94.0,84.0,97.0,98.0,96.0,73.0,95.0,94.0,98.0,89.0,113.0,116.0,99.0,126.0,146.0,128.0,87.0,56.0,120.0,148.0,136.0,98.0,94.0,127.0,140.0,143.5,88.0,54.0
109,C26,C,M,79.0,88.0,88.0,81.0,93.0,92.0,87.0,98.0,99.0,83.0,97.0,94.0,85.0,96.0,93.0,85.0,95.0,96.0,82.0,92.0,95.0,81.0,89.0,92.0,83.0,87.0,90.0,92.0,82.0,84.0,98.0,84.0,81.0,93.0,93.0,97.0,90.0,108.0,110.5,92.0,118.0,143.0,129.0,76.0,53.0,117.0,138.0,140.0,97.0,96.0,120.0,143.0,137.5,87.0,53.0
110,C27,C,M,87.0,100.0,87.0,81.0,93.0,87.0,73.0,92.0,86.0,76.0,79.0,86.0,77.0,96.0,87.0,82.0,96.0,90.0,75.0,88.0,86.0,77.0,82.0,88.0,88.0,88.0,84.0,92.0,83.0,84.0,84.0,88.0,66.0,82.0,81.0,97.0,98.0,112.0,106.5,94.0,121.0,128.0,116.0,74.0,56.0,124.0,133.0,134.5,86.0,93.0,114.0,137.0,135.0,81.0,54.0
111,C28,C,M,82.0,80.0,83.0,72.0,82.0,84.0,,,,71.0,82.0,83.0,65.0,86.0,75.0,68.0,83.0,81.5,76.0,80.0,78.0,59.0,74.0,81.0,69.0,89.0,75.0,77.0,72.0,73.0,82.0,79.0,53.0,54.0,68.0,76.0,76.0,79.0,98.5,89.0,111.0,101.0,105.0,75.0,32.0,105.0,115.0,115.5,78.0,77.0,82.0,100.0,119.0,62.0,36.0
112,C29,C,M,70.0,84.0,91.0,71.0,82.0,82.0,73.0,90.0,87.0,74.0,68.0,88.0,74.0,80.0,83.0,66.0,89.0,89.0,73.0,90.0,87.0,72.0,69.0,80.0,82.0,86.0,86.0,83.0,77.0,86.0,89.0,83.0,70.0,84.0,79.0,76.0,89.0,104.0,109.0,95.0,108.0,131.0,128.0,75.0,45.0,114.0,131.0,128.5,90.0,91.0,120.0,127.0,135.0,81.0,55.0
113,C30,C,M,75.0,80.0,88.0,74.0,83.0,87.0,67.0,87.0,81.0,74.0,69.0,85.0,79.0,87.0,80.0,81.0,83.0,91.0,75.0,76.0,85.0,69.0,79.0,88.0,82.0,81.0,83.0,92.0,80.0,83.0,89.0,79.0,74.0,85.0,82.0,82.0,90.0,92.0,107.0,90.0,119.0,128.0,120.0,82.0,45.0,121.0,140.0,133.0,89.0,83.0,115.0,142.0,137.5,77.0,53.0
114,C31,C,M,84.0,84.0,86.0,76.0,79.0,88.0,75.0,91.0,75.0,72.0,80.0,93.0,70.0,89.0,75.0,70.0,83.0,85.0,77.0,88.0,83.0,60.0,78.0,84.0,70.0,85.0,74.0,80.0,71.0,76.0,85.0,77.0,67.0,81.0,73.0,69.0,78.0,101.0,103.5,89.0,106.0,114.0,94.0,66.0,41.0,114.0,112.0,109.5,79.0,74.0,83.0,125.0,125.0,73.0,39.0
115,C32,C,M,79.0,83.0,83.0,78.0,79.0,93.0,66.0,88.0,91.0,75.0,84.0,94.0,70.0,85.0,91.0,80.0,87.0,96.5,75.0,90.0,94.0,74.0,83.0,95.0,81.0,84.0,88.0,86.0,78.0,70.0,94.0,73.0,65.0,77.0,82.0,68.0,79.0,99.0,109.5,84.0,121.0,103.0,123.0,67.0,45.0,104.0,113.0,132.0,72.0,85.0,98.0,108.0,134.0,73.0,46.0
116,C33,C,M,68.0,86.0,88.0,61.0,93.0,87.0,77.0,88.0,89.0,72.0,85.0,85.0,77.0,91.0,94.0,82.0,90.0,96.0,66.0,89.0,91.0,68.0,76.0,88.0,79.0,90.0,90.0,90.0,84.0,92.0,92.0,89.0,,,,,92.0,115.0,116.5,96.0,119.0,128.0,128.0,77.0,48.0,119.0,134.0,140.5,96.0,90.0,111.0,128.0,136.0,86.0,54.0
117,C34,C,F,79.0,86.0,91.0,87.0,85.0,95.0,83.0,93.0,90.0,74.0,91.0,97.0,86.0,91.0,89.0,86.0,92.0,91.5,80.0,92.0,90.0,83.0,87.0,94.0,83.0,88.0,83.0,97.0,83.0,84.0,92.0,86.0,75.0,86.0,93.0,89.0,93.0,102.0,110.5,97.0,126.0,142.0,127.0,80.0,45.0,129.0,138.0,133.5,94.0,84.0,121.0,126.0,129.5,86.0,52.0
118,C35,C,F,67.0,73.0,77.0,69.0,81.0,74.0,66.0,72.0,62.0,64.0,81.0,70.0,74.0,78.0,68.0,65.0,80.0,66.0,71.0,80.0,73.0,70.0,68.0,69.0,76.0,80.0,62.0,82.0,71.0,72.0,66.0,73.0,60.0,79.0,63.0,77.0,77.0,94.0,84.0,86.0,102.0,95.0,89.0,67.0,37.0,105.0,123.0,93.0,72.0,72.0,95.0,113.0,120.0,74.0,46.0
119,C36,C,F,72.0,68.0,78.0,70.0,68.0,75.0,74.0,74.0,68.0,72.0,88.0,82.0,73.0,90.0,63.0,77.0,76.0,70.5,68.0,78.0,78.0,69.0,83.0,68.0,71.0,70.0,73.0,74.0,77.0,70.0,61.0,66.0,60.0,73.0,70.0,46.0,79.0,81.0,86.0,69.0,105.0,106.0,80.0,57.0,33.0,,,,,,106.0,104.0,111.0,56.0,37.0
120,C37,C,,,,,,,,93.0,100.0,91.0,83.0,97.0,95.0,85.0,96.0,92.0,79.0,96.0,95.0,80.0,82.0,92.0,80.0,94.0,94.0,84.0,91.0,93.0,92.0,87.0,86.0,91.0,83.0,79.0,88.0,92.0,86.0,89.0,107.0,113.0,93.0,120.0,133.0,123.0,83.0,55.0,120.0,132.0,142.0,91.0,91.0,124.0,127.0,144.0,83.0,55.0
121,D01,D,F,75.0,85.0,85.0,80.0,98.0,82.0,83.0,94.0,89.0,80.0,97.0,92.0,79.0,97.0,88.0,83.0,98.0,92.5,77.0,93.0,90.0,72.0,97.0,90.0,75.0,95.0,86.0,100.0,85.0,93.0,94.0,90.0,75.0,85.0,86.0,87.0,97.0,112.0,117.5,94.0,127.0,136.0,137.0,87.0,54.0,126.0,136.0,140.0,93.0,97.0,120.0,137.0,144.5,86.0,52.0
122,D02,D,F,69.0,95.0,62.0,77.0,93.0,70.0,63.0,80.0,70.0,73.0,92.0,71.0,72.0,92.0,55.0,68.0,92.0,55.5,75.0,84.0,51.0,69.0,88.0,56.0,68.0,91.0,52.0,86.0,83.0,80.0,48.0,70.0,78.0,87.0,51.0,75.0,88.0,103.0,54.0,86.0,111.0,100.0,92.0,72.0,48.0,124.0,137.0,99.0,60.0,84.0,118.0,122.0,103.0,66.0,47.0
123,D03,D,F,79.0,95.0,90.0,81.0,92.0,91.0,78.0,90.0,96.0,78.0,93.0,90.0,79.0,89.0,88.0,76.0,87.0,89.0,73.0,87.0,90.0,74.0,73.0,88.0,90.0,84.0,79.0,96.0,86.0,75.0,90.0,90.0,80.0,75.0,89.0,70.0,86.0,91.0,96.0,88.0,125.0,93.0,118.0,73.0,46.0,119.0,119.0,129.5,70.0,86.0,113.0,106.0,140.5,74.0,48.0
124,D04,D,F,79.0,98.0,92.0,81.0,88.0,95.0,81.0,91.0,94.0,81.0,93.0,92.0,82.0,96.0,90.0,81.0,90.0,96.0,77.0,90.0,94.0,77.0,90.0,91.0,88.0,97.0,85.0,91.0,83.0,86.0,92.0,90.0,75.0,82.0,91.0,86.0,91.0,112.0,113.0,97.0,120.0,116.0,126.0,75.0,56.0,125.0,136.0,140.5,89.0,89.0,118.0,129.0,144.0,81.0,52.0
125,D05,D,F,71.0,94.0,86.0,71.0,92.0,96.0,76.0,88.0,92.0,83.0,90.0,92.0,70.0,93.0,86.0,75.0,89.0,93.5,68.0,88.0,88.0,71.0,93.0,93.0,81.0,79.0,82.0,89.0,86.0,80.0,89.0,82.0,78.0,85.0,92.0,72.0,88.0,97.0,106.0,92.0,116.0,126.0,129.0,75.0,50.0,109.0,138.0,133.0,87.0,91.0,114.0,124.0,132.0,76.0,52.0
126,D06,D,F,83.0,86.0,83.0,76.0,89.0,75.0,75.0,81.0,84.0,75.0,85.0,84.0,74.0,87.0,73.0,72.0,85.0,86.0,,,,67.0,79.0,81.0,,,,,,,,,,,,,,,,,,,,,,,,,,,,,,,
127,D07,D,F,71.0,80.0,88.0,78.0,89.0,89.0,73.0,81.0,87.0,78.0,87.0,90.0,71.0,91.0,84.0,79.0,87.0,91.5,65.0,84.0,86.0,68.0,82.0,83.0,78.0,81.0,80.0,87.0,86.0,74.0,88.0,83.0,70.0,74.0,86.0,63.0,85.0,97.0,107.0,90.0,108.0,105.0,113.0,74.0,41.0,120.0,129.0,120.0,74.0,83.0,121.0,122.0,132.0,70.0,47.0
128,D08,D,F,75.0,93.0,80.0,78.0,86.0,80.0,80.0,,76.0,78.0,70.0,78.0,69.0,85.0,70.0,79.0,97.0,82.0,72.0,80.0,81.0,67.0,85.0,83.0,75.0,82.0,71.0,92.0,82.0,65.0,79.0,78.0,75.0,74.0,87.0,64.0,83.0,87.0,103.0,88.0,118.0,104.0,121.0,68.0,49.0,119.0,131.0,120.0,64.0,81.0,104.0,107.0,128.0,55.0,38.0
129,D09,D,F,79.0,100.0,78.0,80.0,93.0,85.0,74.0,90.0,92.0,76.0,97.0,93.0,73.0,93.0,79.0,77.0,95.0,83.5,78.0,85.0,85.0,67.0,81.0,82.0,76.0,91.0,78.0,82.0,83.0,81.0,78.0,85.0,79.0,85.0,83.0,83.0,87.0,99.0,95.0,93.0,122.0,101.0,114.0,74.0,49.0,127.0,121.0,122.5,75.0,88.0,108.0,125.0,126.5,75.0,50.0
130,D10,D,F,79.0,88.0,90.0,77.0,90.0,85.0,79.0,93.0,85.0,80.0,82.0,80.0,73.0,86.0,78.0,75.0,84.0,76.5,,,,73.0,80.0,79.0,,,,,,,,,,,,,,,,,,,,,,,,,,,,,,,
131,D11,D,F,75.0,92.0,92.0,81.0,90.0,95.0,82.0,88.0,92.0,80.0,94.0,97.0,74.0,94.0,92.0,86.0,92.0,94.5,75.0,88.0,93.0,71.0,83.0,97.0,89.0,98.0,92.0,91.0,82.0,86.0,96.0,87.0,84.0,83.0,93.0,87.0,89.0,111.0,116.0,88.0,119.0,128.0,131.0,71.0,48.0,125.0,134.0,136.5,86.0,94.0,127.0,130.0,141.5,83.0,51.0
132,D12,D,F,78.0,85.0,88.0,84.0,85.0,88.0,76.0,79.0,85.0,78.0,84.0,88.0,67.0,72.0,74.0,81.0,83.0,86.0,76.0,78.0,82.0,67.0,75.0,82.0,81.0,76.0,69.0,83.0,82.0,60.0,74.0,75.0,74.0,69.0,79.0,65.0,88.0,86.0,96.0,71.0,116.0,97.0,93.0,59.0,44.0,109.0,98.0,106.0,60.0,76.0,112.0,106.0,123.5,54.0,47.0
133,D13,D,F,70.0,69.0,60.0,74.0,68.0,57.0,74.0,70.0,57.0,71.0,77.0,61.0,73.0,55.0,46.0,71.0,64.0,58.5,73.0,78.0,54.0,74.0,57.0,45.0,71.0,52.0,37.0,70.0,77.0,47.0,36.0,59.0,64.0,53.0,48.0,41.0,81.0,77.0,46.0,62.0,110.0,75.0,55.0,35.0,28.0,108.0,97.0,46.0,50.0,49.0,,,,,
134,D14,D,F,77.0,68.0,72.0,81.0,64.0,71.0,74.0,74.0,62.0,79.0,75.0,62.0,78.0,60.0,52.0,76.0,67.0,56.0,74.0,66.0,60.0,67.0,60.0,58.0,76.0,57.0,49.0,55.0,81.0,55.0,51.0,46.0,71.0,54.0,60.0,30.0,84.0,55.0,74.0,58.0,106.0,59.0,67.0,45.0,30.0,116.0,88.0,83.0,57.0,56.0,107.0,85.0,85.0,42.0,31.0
135,D15,D,F,76.0,85.0,87.0,77.0,86.0,84.0,67.0,79.0,82.0,79.0,81.0,85.0,80.0,77.0,72.0,69.0,75.0,76.5,79.0,75.0,78.0,64.0,63.0,70.0,76.0,46.0,67.0,75.0,72.0,70.0,64.0,62.0,68.0,65.0,73.0,46.0,83.0,86.0,90.0,71.0,107.0,72.0,95.0,56.0,40.0,122.0,119.0,115.0,64.0,65.0,116.0,83.0,114.5,65.0,41.0
136,D16,D,F,72.0,81.0,76.0,77.0,86.0,77.0,74.0,82.0,88.0,84.0,91.0,87.0,81.0,93.0,77.0,77.0,90.0,85.5,75.0,84.0,82.0,75.0,80.0,89.0,89.0,81.0,86.0,88.0,80.0,83.0,91.0,78.0,75.0,81.0,88.0,82.0,93.0,109.0,111.0,92.0,112.0,123.0,115.0,70.0,45.0,117.0,128.0,135.5,87.0,91.0,123.0,123.0,138.0,81.0,54.0
137,D17,D,M,66.0,84.0,89.0,72.0,91.0,84.0,80.0,92.0,94.0,73.0,95.0,95.0,88.0,94.0,91.0,80.0,93.0,93.5,79.0,90.0,87.0,77.0,82.0,95.0,83.0,96.0,82.0,87.0,83.0,84.0,93.0,84.0,74.0,87.0,90.0,80.0,87.0,103.0,108.5,87.0,116.0,129.0,130.0,72.0,52.0,112.0,137.0,135.0,71.0,80.0,117.0,134.0,137.5,80.0,50.0
138,D18,D,M,73.0,89.0,82.0,74.0,79.0,77.0,74.0,96.0,77.0,71.0,88.0,82.0,76.0,85.0,75.0,74.0,91.0,82.5,70.0,84.0,84.0,65.0,86.0,84.0,78.0,87.0,79.0,98.0,84.0,86.0,81.0,88.0,72.0,84.0,73.0,91.0,85.0,102.0,97.0,95.0,119.0,117.0,107.0,77.0,53.0,111.0,132.0,127.0,87.0,96.0,114.0,122.0,133.0,84.0,53.0
139,D19,D,M,76.0,97.0,90.0,77.0,95.0,91.0,82.0,89.0,87.0,81.0,92.0,94.0,79.0,86.0,83.0,80.0,89.0,93.0,75.0,94.0,90.0,76.0,89.0,94.0,83.0,91.0,90.0,96.0,82.0,86.0,93.0,93.0,74.0,85.0,92.0,80.0,89.0,106.0,102.5,89.0,124.0,145.0,129.0,85.0,56.0,119.0,145.0,142.0,81.0,96.0,116.0,120.0,136.5,82.0,55.0
140,D21,D,M,76.0,81.0,78.0,77.0,82.0,84.0,72.0,87.0,78.0,75.0,80.0,86.0,71.0,79.0,78.0,75.0,83.0,80.5,71.0,77.0,82.0,67.0,73.0,83.0,73.0,75.0,80.0,84.0,77.0,62.0,77.0,72.0,74.0,61.0,80.0,64.0,86.0,74.0,99.0,87.0,112.0,103.0,119.0,74.0,51.0,110.0,125.0,124.0,73.0,81.0,100.0,112.0,128.0,77.0,47.0
141,D22,D,M,75.0,86.0,83.0,84.0,79.0,77.0,72.0,73.0,85.0,75.0,86.0,79.0,75.0,91.0,82.0,84.0,91.0,83.5,79.0,80.0,79.0,74.0,70.0,76.0,82.0,84.0,79.0,91.0,88.0,80.0,87.0,84.0,78.0,74.0,83.0,78.0,95.0,89.0,94.0,99.0,126.0,101.0,113.0,74.0,45.0,119.0,116.0,115.5,80.0,86.0,120.0,114.0,111.0,79.0,46.0
142,D23,D,M,73.0,78.0,80.0,80.0,81.0,80.0,,,,70.0,77.0,83.0,64.0,87.0,78.0,74.0,77.0,81.5,70.0,63.0,72.0,68.0,67.0,75.0,72.0,60.0,76.0,79.0,83.0,54.0,77.0,72.0,69.0,60.0,75.0,62.0,80.0,72.0,98.0,73.0,97.0,67.0,103.0,69.0,43.0,112.0,113.0,116.0,61.0,55.0,102.0,109.0,119.0,57.0,32.0
143,D24,D,M,72.0,94.0,78.0,76.0,84.0,72.0,60.0,84.0,70.0,78.0,88.0,74.0,71.0,97.0,71.0,74.0,95.0,73.5,64.0,80.0,76.0,73.0,83.0,76.0,75.0,92.0,68.0,96.0,74.0,87.0,68.0,81.0,65.0,80.0,74.0,82.0,85.0,105.0,89.0,94.0,112.0,118.0,111.0,77.0,55.0,104.0,131.0,112.5,75.0,93.0,103.0,123.0,118.0,84.0,50.0
144,D25,D,M,60.0,83.0,64.0,64.0,78.0,64.0,48.0,70.0,56.0,68.0,81.0,60.0,68.0,91.0,63.0,69.0,88.0,71.5,71.0,71.0,67.0,65.0,,60.0,67.0,80.0,57.0,84.0,73.0,57.0,63.0,72.0,65.0,69.0,60.0,50.0,88.0,93.0,74.0,63.0,105.0,91.0,78.0,59.0,44.0,103.0,126.0,76.0,61.0,67.0,100.0,111.0,109.5,57.0,41.0
145,D26,D,M,59.0,66.0,68.0,56.0,65.0,55.0,59.0,55.0,60.0,64.0,81.0,58.0,59.0,84.0,54.0,73.0,76.0,56.0,63.0,74.0,61.0,52.0,78.0,56.0,60.0,60.0,47.0,83.0,64.0,72.0,45.0,70.0,57.0,61.0,44.0,64.0,69.0,93.0,50.0,75.0,90.0,76.0,72.0,54.0,41.0,93.0,111.0,82.5,58.0,75.0,81.0,103.0,76.0,62.0,37.0
146,D27,D,M,69.0,85.0,81.0,62.0,75.0,74.0,63.0,83.0,71.0,62.0,90.0,69.0,66.0,92.0,60.0,66.0,87.0,78.0,71.0,73.0,67.0,61.0,78.0,65.0,70.0,64.0,62.0,79.0,73.0,66.0,64.0,56.0,57.0,69.0,62.0,58.0,73.0,95.0,78.0,61.0,101.0,105.0,92.0,56.0,45.0,100.0,111.0,97.0,66.0,70.0,96.0,106.0,100.5,50.0,41.0
147,D28,D,M,64.0,82.0,66.0,85.0,81.0,68.0,69.0,85.0,75.0,73.0,90.0,77.0,66.0,94.0,67.0,68.0,84.0,79.5,74.0,73.0,78.0,69.0,86.0,83.0,80.0,89.0,72.0,93.0,83.0,70.0,69.0,88.0,74.0,76.0,76.0,85.0,83.0,107.0,97.5,93.0,126.0,120.0,114.0,78.0,54.0,112.0,131.0,125.5,93.0,94.0,112.0,122.0,122.0,84.0,54.0
148,D29,D,M,72.0,71.0,60.0,71.0,85.0,64.0,72.0,81.0,60.0,67.0,83.0,63.0,70.0,77.0,50.0,69.0,93.0,68.0,76.0,77.0,54.0,61.0,70.0,54.0,67.0,79.0,61.0,75.0,75.0,57.0,51.0,71.0,69.0,70.0,62.0,61.0,75.0,103.0,72.5,80.0,113.0,90.0,89.0,60.0,53.0,120.0,118.0,95.5,71.0,86.0,99.0,112.0,107.5,73.0,44.0
149,D30,D,M,75.0,98.0,81.0,75.0,92.0,85.0,82.0,93.0,89.0,84.0,96.0,85.0,74.0,97.0,81.0,75.0,96.0,82.5,78.0,91.0,91.0,69.0,90.0,85.0,81.0,97.0,86.0,95.0,83.0,95.0,93.0,84.0,80.0,88.0,84.0,84.0,87.0,110.0,106.5,98.0,118.0,131.0,126.0,76.0,51.0,109.0,138.0,137.5,89.0,98.0,115.0,140.0,139.0,85.0,57.0
150,D31,D,,,,,,,,80.0,89.0,82.0,80.0,99.0,87.0,82.0,97.0,83.0,87.0,91.0,90.5,79.0,90.0,90.0,76.0,93.0,96.0,89.0,87.0,85.0,88.0,87.0,90.0,92.0,87.0,78.0,89.0,91.0,84.0,94.0,110.0,107.5,97.0,124.0,123.0,124.0,71.0,52.0,128.0,133.0,137.0,92.0,94.0,123.0,128.0,145.0,82.0,51.0
151,D32,D,,,,,,,,,,,,,,,,,,,,,,,,,,77.0,83.0,68.0,67.0,79.0,78.0,77.0,66.0,63.0,78.0,74.0,71.0,79.0,90.0,89.5,81.0,112.0,111.0,104.0,66.0,48.0,117.0,118.0,114.5,76.0,84.0,107.0,122.0,118.5,62.0,40.0
152,E01,E,F,81.0,79.0,74.0,72.0,63.0,77.0,74.0,80.0,72.0,77.0,83.0,84.0,82.0,76.0,72.0,86.0,85.0,80.5,82.0,83.0,78.0,76.0,78.0,82.0,80.0,81.0,70.0,90.0,87.0,70.0,78.0,71.0,73.0,73.0,71.0,85.0,93.0,106.0,91.5,81.0,115.0,123.0,102.0,63.0,46.0,119.0,117.0,113.5,77.0,81.0,115.0,121.0,129.0,71.0,49.0
153,E02,E,F,77.0,93.0,86.0,72.0,94.0,89.0,80.0,93.0,88.0,82.0,89.0,91.0,84.0,88.0,90.0,84.0,80.0,89.0,77.0,78.0,85.0,79.0,76.0,91.0,84.0,81.0,89.0,92.0,83.0,64.0,90.0,88.0,75.0,76.0,88.0,82.0,87.0,80.0,110.5,99.0,126.0,113.0,114.0,76.0,45.0,121.0,133.0,129.0,85.0,81.0,114.0,127.0,131.0,76.0,50.0
154,E03,E,F,73.0,89.0,76.0,55.0,65.0,69.0,64.0,75.0,72.0,71.0,65.0,75.0,71.0,70.0,62.0,72.0,68.0,79.5,,,,79.0,54.0,80.0,72.0,61.0,65.0,79.0,81.0,57.0,72.0,80.0,62.0,61.0,67.0,65.0,84.0,77.0,90.5,79.0,,,,,,,,,,,,,,,
155,E04,E,F,78.0,92.0,80.0,77.0,88.0,76.0,70.0,83.0,78.0,78.0,92.0,79.0,76.0,80.0,73.0,73.0,86.0,81.5,79.0,93.0,79.0,80.0,86.0,81.0,78.0,89.0,79.0,93.0,85.0,83.0,79.0,87.0,67.0,81.0,82.0,85.0,90.0,95.0,102.0,90.0,110.0,105.0,105.0,72.0,44.0,123.0,124.0,129.5,76.0,86.0,111.0,121.0,124.0,77.0,51.0
156,E05,E,F,71.0,69.0,74.0,75.0,75.0,69.0,66.0,71.0,67.0,78.0,73.0,72.0,81.0,88.0,64.0,76.0,79.0,76.5,73.0,74.0,71.0,74.0,75.0,72.0,78.0,89.0,74.0,95.0,78.0,64.0,76.0,91.0,71.0,80.0,71.0,91.0,85.0,107.0,96.5,97.0,118.0,123.0,97.0,76.0,48.0,118.0,131.0,119.5,81.0,86.0,112.0,121.0,118.0,83.0,54.0
157,E06,E,F,85.0,100.0,84.0,78.0,93.0,94.0,82.0,94.0,93.0,82.0,92.0,91.0,76.0,96.0,88.0,86.0,91.0,94.5,,,,76.0,89.0,96.0,,,,,,,,,,,,,,,,,,,,,,,,,,,,,,,
158,E07,E,F,60.0,81.0,61.0,59.0,74.0,66.0,60.0,70.0,56.0,71.0,76.0,54.0,,,,,,,,,,,,,,,,,,,,,,,,,,,,,,,,,,,,,,,,,,,
159,E08,E,F,70.0,96.0,83.0,81.0,93.0,85.0,78.0,85.0,85.0,83.0,86.0,88.0,74.0,87.0,76.0,75.0,86.0,79.5,74.0,88.0,91.0,81.0,76.0,83.0,81.0,87.0,76.0,98.0,85.0,69.0,76.0,88.0,69.0,82.0,80.0,84.0,95.0,97.0,100.5,93.0,110.0,102.0,102.0,72.0,45.0,116.0,127.0,122.0,82.0,83.0,118.0,109.0,128.5,81.0,51.0
160,E09,E,F,67.0,82.0,70.0,77.0,79.0,74.0,78.0,83.0,74.0,70.0,88.0,78.0,,,,,,,,,,,,,,,,,,,,,,,,,,,,,,,,,,,,,,,,,,,
161,E10,E,F,69.0,81.0,70.0,64.0,70.0,73.0,69.0,80.0,74.0,74.0,80.0,81.0,66.0,84.0,68.0,74.0,72.0,76.0,66.0,77.0,68.0,80.0,75.0,73.0,73.0,73.0,62.0,84.0,82.0,71.0,60.0,79.0,70.0,60.0,66.0,69.0,85.0,98.0,75.0,79.0,110.0,77.0,96.0,67.0,42.0,112.0,106.0,102.0,61.0,85.0,114.0,99.0,103.5,60.0,44.0
162,E11,E,F,76.0,65.0,70.0,78.0,75.0,73.0,75.0,73.0,69.0,80.0,77.0,82.0,73.0,83.0,65.0,78.0,72.0,79.0,75.0,68.0,79.0,71.0,68.0,79.0,83.0,72.0,69.0,86.0,80.0,62.0,78.0,73.0,73.0,64.0,69.0,72.0,90.0,70.0,90.0,89.0,111.0,98.0,94.0,49.0,42.0,110.0,122.0,101.5,66.0,78.0,112.0,114.0,108.0,61.0,44.0
163,E12,E,F,72.0,78.0,71.0,75.0,77.0,71.0,78.0,84.0,79.0,73.0,78.0,75.0,70.0,86.0,62.0,70.0,74.0,70.0,72.0,85.0,72.0,81.0,72.0,70.0,76.0,66.0,62.0,92.0,80.0,55.0,65.0,81.0,71.0,74.0,74.0,84.0,83.0,83.0,91.0,88.0,105.0,86.0,76.0,69.0,43.0,116.0,120.0,114.5,65.0,75.0,114.0,98.0,108.5,59.0,41.0
164,E13,E,F,73.0,76.0,80.0,77.0,77.0,85.0,82.0,72.0,84.0,74.0,96.0,85.0,78.0,85.0,80.0,83.0,83.0,87.0,76.0,79.0,86.0,80.0,91.0,90.0,85.0,87.0,77.0,92.0,86.0,77.0,90.0,97.0,72.0,84.0,80.0,86.0,97.0,99.0,106.0,91.0,118.0,131.0,104.0,72.0,48.0,120.0,132.0,132.0,84.0,90.0,119.0,113.0,129.0,82.0,54.0
165,E14,E,F,64.0,65.0,64.0,68.0,69.0,65.0,57.0,68.0,58.0,63.0,62.0,60.0,58.0,54.0,60.0,67.0,68.0,59.5,64.0,56.0,47.0,65.0,51.0,60.0,63.0,61.0,45.0,77.0,74.0,43.0,43.0,64.0,66.0,58.0,49.0,45.0,85.0,53.0,56.5,56.0,96.0,52.0,70.0,33.0,21.0,96.0,68.0,72.0,51.0,42.0,95.0,84.0,78.5,41.0,20.0
166,E15,E,M,74.0,76.0,72.0,69.0,81.0,78.0,71.0,87.0,82.0,72.0,95.0,81.0,67.0,91.0,68.0,65.0,92.0,74.5,67.0,91.0,85.0,68.0,88.0,75.0,73.0,87.0,75.0,91.0,78.0,91.0,76.0,90.0,75.0,84.0,81.0,88.0,84.0,107.0,98.0,90.0,110.0,129.0,117.0,79.0,55.0,118.0,130.0,122.5,91.0,90.0,119.0,134.0,133.5,83.0,51.0
167,E16,E,M,79.0,99.0,81.0,63.0,87.0,78.0,77.0,77.0,73.0,75.0,84.0,79.0,72.0,90.0,78.0,68.0,87.0,74.5,75.0,70.0,79.0,75.0,76.0,82.0,79.0,75.0,74.0,88.0,78.0,62.0,82.0,72.0,65.0,72.0,76.0,72.0,82.0,84.0,85.5,73.0,105.0,93.0,103.0,67.0,40.0,111.0,117.0,105.0,65.0,62.0,103.0,96.0,121.0,60.0,41.0
168,E17,E,M,69.0,79.0,70.0,65.0,88.0,75.0,85.0,82.0,81.0,72.0,79.0,89.0,70.0,82.0,69.0,78.0,84.0,77.5,,,,78.0,80.0,75.0,,,,,,,,,,,,,,,,,,,,,,,,,,,,,,,
169,E18,E,M,78.0,99.0,80.0,79.0,92.0,78.0,77.0,89.0,83.0,81.0,89.0,88.0,,,,,,,,,,,,,,,,,,,,,,,,,,,,,,,,,,,,,,,,,,,
170,E19,E,M,74.0,80.0,79.0,77.0,91.0,83.0,77.0,78.0,84.0,78.0,72.0,84.0,77.0,86.0,83.0,81.0,75.0,90.5,69.0,83.0,83.0,76.0,73.0,84.0,79.0,78.0,72.0,84.0,78.0,61.0,90.0,81.0,73.0,69.0,74.0,85.0,84.0,92.0,102.5,91.0,113.0,99.0,119.0,72.0,48.0,102.0,125.0,129.5,83.0,83.0,118.0,120.0,126.5,83.0,48.0
171,E20,E,M,77.0,87.0,81.0,75.0,90.0,83.0,75.0,90.0,90.0,75.0,86.0,94.0,83.0,94.0,84.0,82.0,97.0,91.5,76.0,78.0,88.0,79.0,89.0,88.0,79.0,97.0,79.0,91.0,84.0,83.0,81.0,85.0,73.0,80.0,85.0,83.0,91.0,96.0,112.0,88.0,125.0,123.0,121.0,75.0,47.0,118.0,125.0,132.5,87.0,90.0,115.0,128.0,133.0,83.0,53.0
172,E21,E,M,68.0,65.0,65.0,73.0,62.0,62.0,71.0,73.0,63.0,68.0,64.0,75.0,,,,,,,,,,,,,,,,,,,,,,,,,,,,,,,,,,,,,,,,,,,
173,E22,E,M,60.0,48.0,60.0,65.0,55.0,56.0,64.0,63.0,63.0,54.0,60.0,55.0,67.0,61.0,48.0,61.0,61.0,52.0,65.0,60.0,46.0,66.0,51.0,53.0,68.0,39.0,39.0,71.0,75.0,38.0,46.0,63.0,56.0,38.0,49.0,40.0,74.0,38.0,51.5,69.0,80.0,40.0,65.0,52.0,30.0,94.0,60.0,58.0,54.0,51.0,80.0,86.0,72.5,51.0,22.0
174,E23,E,M,57.0,83.0,57.0,70.0,70.0,64.0,57.0,78.0,53.0,64.0,71.0,60.0,68.0,76.0,50.0,69.0,75.0,57.0,68.0,69.0,54.0,67.0,67.0,50.0,62.0,62.0,42.0,75.0,64.0,49.0,43.0,78.0,52.0,67.0,54.0,70.0,77.0,84.0,67.5,82.0,101.0,86.0,61.0,62.0,28.0,105.0,120.0,85.5,75.0,75.0,95.0,93.0,91.0,77.0,39.0
175,E24,E,M,67.0,63.0,68.0,61.0,64.0,60.0,77.0,67.0,61.0,57.0,72.0,62.0,60.0,67.0,58.0,60.0,71.0,59.5,77.0,52.0,61.0,65.0,40.0,56.0,73.0,46.0,53.0,85.0,75.0,22.0,60.0,74.0,61.0,50.0,50.0,65.0,76.0,65.0,58.5,64.0,98.0,58.0,65.0,54.0,28.0,93.0,70.0,85.0,52.0,45.0,97.0,91.0,101.0,49.0,21.0
176,E25,E,M,65.0,60.0,65.0,63.0,57.0,60.0,60.0,60.0,61.0,66.0,64.0,60.0,66.0,83.0,63.0,73.0,76.0,65.0,68.0,75.0,68.0,65.0,74.0,65.0,66.0,78.0,61.0,87.0,61.0,56.0,62.0,82.0,54.0,75.0,67.0,75.0,77.0,84.0,75.0,78.0,97.0,91.0,98.0,71.0,39.0,101.0,125.0,111.5,76.0,58.0,87.0,105.0,111.0,65.0,43.0
177,E26,E,M,62.0,58.0,46.0,62.0,42.0,46.0,68.0,41.0,33.0,59.0,9.0,24.0,71.0,7.0,21.0,52.0,15.0,18.5,53.0,2.0,26.0,40.0,8.0,24.0,46.0,6.0,15.0,46.0,50.0,6.0,21.0,39.0,45.0,3.0,23.0,20.0,57.0,12.0,16.0,32.0,83.0,8.0,37.0,11.0,7.0,73.0,8.0,23.0,13.0,15.0,71.0,14.0,27.0,26.0,9.0
178,E27,E,M,54.0,77.0,65.0,61.0,50.0,60.0,64.0,75.0,70.0,68.0,60.0,70.0,55.0,57.0,49.0,70.0,65.0,68.0,71.0,81.0,61.0,65.0,55.0,60.0,59.0,56.0,66.0,81.0,69.0,52.0,66.0,80.0,54.0,60.0,62.0,71.0,81.0,54.0,72.0,68.0,103.0,76.0,91.0,62.0,45.0,109.0,108.0,78.0,69.0,80.0,103.0,98.0,99.0,66.0,39.0
179,E28,E,M,64.0,64.0,39.0,52.0,44.0,47.0,56.0,37.0,44.0,47.0,27.0,42.0,26.0,20.0,40.0,52.0,19.0,31.0,48.0,21.0,36.0,42.0,1.0,27.0,62.0,9.0,31.0,75.0,64.0,5.0,34.0,63.0,47.0,8.0,29.0,37.0,65.0,17.0,25.0,59.0,103.0,27.0,54.0,33.0,27.0,103.0,29.0,34.5,43.0,55.0,85.0,39.0,50.0,44.0,40.0
180,E29,E,M,65.0,71.0,62.0,60.0,42.0,62.0,70.0,63.0,60.0,69.0,45.0,55.0,69.0,54.0,49.0,68.0,41.0,47.5,70.0,61.0,53.0,70.0,60.0,56.0,77.0,39.0,43.0,83.0,69.0,26.0,52.0,59.0,63.0,50.0,49.0,47.0,76.0,52.0,52.5,61.0,96.0,41.0,70.0,50.0,33.0,104.0,68.0,52.0,58.0,65.0,96.0,60.0,78.0,44.0,34.0
181,E30,E,M,66.0,59.0,34.0,25.0,54.0,45.0,55.0,67.0,38.0,58.0,47.0,35.0,50.0,50.0,29.0,54.0,39.0,24.0,48.0,50.0,34.0,48.0,44.0,26.0,34.0,13.0,19.0,60.0,36.0,5.0,12.0,54.0,16.0,3.0,18.0,19.0,53.0,5.0,11.5,27.0,49.0,24.0,28.0,12.0,7.0,,,,,,70.0,14.0,20.0,16.0,7.0
182,E31,E,F,68.0,81.0,42.0,67.0,81.0,56.0,74.0,77.0,48.0,67.0,81.0,48.0,62.0,65.0,56.0,77.0,73.0,47.0,76.0,78.0,56.0,73.0,72.0,60.0,64.0,82.0,49.0,91.0,75.0,56.0,62.0,83.0,63.0,52.0,50.0,72.0,92.0,95.0,67.0,78.0,121.0,71.0,62.0,55.0,42.0,116.0,99.0,77.5,71.0,63.0,101.0,,,52.0,27.0
183,E32,E,,,,,,,,,,,,,,,,,,,,,,,,,,70.0,61.0,76.0,78.0,79.0,41.0,84.0,75.0,69.0,46.0,78.0,56.0,84.0,58.0,102.5,70.0,101.0,56.0,115.0,68.0,38.0,114.0,94.0,119.5,63.0,66.0,,,,,
184,F01,F,F,74.0,86.0,79.0,71.0,85.0,76.0,84.0,91.0,76.0,76.0,97.0,78.0,,,,,,,,,,,,,,,,,,,,,,,,,,,,,,,,,,,,,,,,,,,
185,F02,F,F,70.0,91.0,68.0,69.0,77.0,68.0,74.0,82.0,71.0,68.0,84.0,74.0,,,,,,,,,,,,,,,,,,,,,,,,,,,,,,,,,,,,,,,,,,,
186,F03,F,F,79.0,66.0,84.0,86.0,63.0,84.0,79.0,82.0,81.0,79.0,82.0,87.0,80.0,85.0,76.0,81.0,80.0,89.5,78.0,76.0,81.0,72.0,61.0,87.0,76.0,69.0,78.0,90.0,81.0,70.0,86.0,85.0,73.0,48.0,79.0,77.0,89.0,79.0,103.5,89.0,115.0,92.0,107.0,67.0,44.0,124.0,109.0,129.5,64.0,78.0,107.0,92.0,124.0,62.0,45.0
187,F04,F,F,63.0,77.0,66.0,75.0,62.0,69.0,74.0,70.0,63.0,67.0,67.0,64.0,63.0,60.0,51.0,75.0,79.0,61.0,,,,67.0,64.0,69.0,,,,,,,,,,,,,,,,,,,,,,,,,,,,,,,
188,F05,F,F,73.0,80.0,86.0,72.0,81.0,84.0,75.0,80.0,77.0,79.0,74.0,87.0,70.0,89.0,83.0,74.0,87.0,85.0,69.0,66.0,83.0,75.0,66.0,88.0,78.0,73.0,81.0,87.0,84.0,75.0,80.0,87.0,68.0,78.0,84.0,87.0,86.0,93.0,94.0,94.0,120.0,118.0,110.0,69.0,45.0,116.0,126.0,117.5,75.0,85.0,118.0,94.0,129.0,69.0,53.0
189,F06,F,F,69.0,74.0,79.0,71.0,77.0,78.0,79.0,79.0,78.0,78.0,81.0,92.0,76.0,90.0,82.0,85.0,70.0,84.0,,,,77.0,67.0,90.0,,,,,,,,,,,,,,,,,,,,,,,,,,,,,,,
190,F07,F,F,67.0,62.0,66.0,72.0,75.0,62.0,76.0,88.0,64.0,72.0,79.0,71.0,74.0,82.0,60.0,78.0,77.0,68.0,,,,68.0,62.0,66.0,,,,,,,,,,,,,,,,,,,,,,,,,,,,,,,
191,F08,F,F,69.0,70.0,74.0,69.0,60.0,78.0,72.0,77.0,72.0,68.0,64.0,72.0,70.0,69.0,60.0,71.0,62.0,77.0,65.0,69.0,69.0,67.0,64.0,72.0,73.0,76.0,85.0,77.0,74.0,51.0,81.0,75.0,66.0,54.0,66.0,78.0,83.0,64.0,93.5,85.0,98.0,69.0,91.0,42.0,42.0,103.0,109.0,116.5,53.0,80.0,,,,,
192,F09,F,F,68.0,50.0,46.0,68.0,38.0,53.0,69.0,53.0,45.0,64.0,60.0,51.0,63.0,31.0,53.0,69.0,35.0,37.5,67.0,38.0,36.0,62.0,27.0,42.0,74.0,36.0,40.0,75.0,73.0,27.0,42.0,77.0,67.0,15.0,37.0,58.0,75.0,27.0,46.0,70.0,108.0,30.0,49.0,30.0,28.0,104.0,45.0,46.0,49.0,48.0,99.0,47.0,51.5,45.0,20.0
193,F10,F,F,59.0,34.0,48.0,58.0,22.0,58.0,56.0,23.0,42.0,69.0,24.0,42.0,59.0,16.0,44.0,70.0,14.0,49.0,61.0,17.0,37.0,48.0,19.0,41.0,65.0,11.0,37.0,47.0,59.0,4.0,54.0,51.0,54.0,8.0,41.0,31.0,70.0,17.0,44.0,52.0,88.0,8.0,64.0,35.0,15.0,95.0,28.0,51.0,27.0,27.0,73.0,62.0,73.0,34.0,13.0
194,F11,F,F,67.0,30.0,49.0,59.0,12.0,48.0,60.0,24.0,42.0,57.0,37.0,54.0,41.0,20.0,29.0,58.0,31.0,39.0,50.0,15.0,34.0,56.0,5.0,37.0,61.0,6.0,40.0,44.0,60.0,8.0,39.0,43.0,52.0,13.0,39.0,23.0,62.0,15.0,41.0,48.0,86.0,4.0,49.0,15.0,8.0,78.0,16.0,46.0,25.0,25.0,71.0,32.0,39.0,16.0,4.0
195,F12,F,F,75.0,76.0,72.0,69.0,75.0,75.0,71.0,76.0,68.0,65.0,49.0,74.0,76.0,41.0,63.0,68.0,45.0,76.5,74.0,51.0,69.0,59.0,34.0,70.0,74.0,56.0,83.0,60.0,83.0,32.0,71.0,69.0,62.0,25.0,65.0,61.0,79.0,36.0,80.0,70.0,101.0,28.0,80.0,19.0,40.0,113.0,53.0,88.5,48.0,60.0,,,,,
196,F13,F,F,60.0,61.0,52.0,64.0,55.0,47.0,58.0,70.0,57.0,69.0,62.0,55.0,72.0,62.0,57.0,64.0,58.0,45.5,,,,61.0,51.0,47.0,66.0,62.0,40.0,80.0,74.0,52.0,40.0,73.0,61.0,38.0,41.0,53.0,65.0,32.0,53.0,69.0,,,,,,,,,,,,,,,
197,F14,F,M,67.0,60.0,89.0,69.0,56.0,85.0,70.0,60.0,86.0,72.0,54.0,88.0,62.0,84.0,78.0,77.0,73.0,84.5,73.0,63.0,78.0,60.0,66.0,84.0,76.0,80.0,74.0,78.0,78.0,72.0,85.0,74.0,65.0,64.0,78.0,69.0,86.0,82.0,100.0,85.0,123.0,93.0,117.0,70.0,48.0,116.0,102.0,126.5,65.0,82.0,114.0,107.0,126.0,64.0,46.0
198,F15,F,M,72.0,90.0,66.0,75.0,83.0,71.0,69.0,86.0,56.0,60.0,91.0,68.0,77.0,80.0,69.0,81.0,93.0,75.5,,,,64.0,76.0,73.0,,,,,,,,,,,,,,,,,,,,,,,,,,,,,,,
199,F16,F,M,65.0,69.0,76.0,70.0,66.0,73.0,75.0,84.0,70.0,70.0,81.0,79.0,71.0,61.0,68.0,76.0,82.0,77.5,75.0,71.0,79.0,64.0,61.0,72.0,78.0,79.0,62.0,88.0,79.0,62.0,71.0,83.0,71.0,75.0,70.0,72.0,90.0,89.0,89.5,80.0,113.0,66.0,89.0,55.0,33.0,122.0,112.0,97.5,65.0,73.0,,,,,
200,F17,F,M,65.0,78.0,67.0,74.0,63.0,69.0,76.0,77.0,63.0,64.0,75.0,70.0,75.0,88.0,60.0,75.0,73.0,75.0,,,,71.0,65.0,62.0,,,,,,,,,,,,,,,,,,,,,,,,,,,,,,,
201,F18,F,M,54.0,55.0,63.0,43.0,44.0,55.0,54.0,61.0,55.0,63.0,55.0,60.0,54.0,51.0,52.0,59.0,56.0,43.5,58.0,65.0,53.0,46.0,55.0,56.0,60.0,57.0,46.0,67.0,63.0,53.0,54.0,63.0,55.0,48.0,54.0,35.0,67.0,54.0,63.5,55.0,86.0,58.0,66.0,38.0,17.0,80.0,91.0,73.0,54.0,51.0,77.0,76.0,80.0,46.0,19.0
202,F19,F,M,74.0,68.0,75.0,81.0,60.0,81.0,76.0,81.0,74.0,75.0,55.0,80.0,69.0,53.0,69.0,78.0,57.0,83.5,,,,69.0,54.0,81.0,,,,,,,,,,,,,,,,,,,,,,,,,,,,,,,
203,F20,F,M,74.0,97.0,89.0,57.0,91.0,85.0,70.0,92.0,82.0,64.0,88.0,81.0,51.0,85.0,74.0,80.0,93.0,80.0,56.0,74.0,82.0,64.0,64.0,89.0,72.0,84.0,68.0,89.0,70.0,55.0,78.0,85.0,65.0,61.0,82.0,82.0,77.0,71.0,105.0,88.0,97.0,46.0,109.0,72.0,49.0,87.0,89.0,128.5,67.0,69.0,71.0,90.0,129.0,62.0,38.0
204,F21,F,M,59.0,59.0,56.0,63.0,51.0,64.0,63.0,76.0,55.0,59.0,61.0,60.0,70.0,60.0,53.0,63.0,59.0,61.0,67.0,66.0,60.0,67.0,49.0,54.0,70.0,68.0,49.0,71.0,64.0,47.0,47.0,64.0,54.0,43.0,50.0,66.0,78.0,61.0,63.5,64.0,97.0,69.0,61.0,46.0,29.0,95.0,104.0,70.0,58.0,45.0,81.0,81.0,86.0,53.0,39.0
205,F22,F,M,69.0,90.0,76.0,64.0,86.0,75.0,64.0,84.0,62.0,62.0,84.0,75.0,48.0,89.0,73.0,68.0,85.0,78.5,56.0,84.0,79.0,57.0,74.0,71.0,68.0,76.0,67.0,90.0,66.0,86.0,78.0,87.0,63.0,60.0,70.0,88.0,73.0,92.0,77.5,94.0,102.0,97.0,80.0,73.0,48.0,89.0,134.0,113.0,82.0,78.0,90.0,120.0,117.0,75.0,45.0
206,F23,F,M,63.0,53.0,47.0,69.0,60.0,53.0,63.0,69.0,45.0,63.0,68.0,51.0,64.0,42.0,41.0,69.0,48.0,34.0,,,,62.0,46.0,35.0,,,,,,,,,,,,,,,,,,,,,,,,,,,,,,,
207,F24,F,M,65.0,51.0,57.0,66.0,57.0,60.0,,,,,,,,,,,,,,,,,,,,,,,,,,,,,,,,,,,,,,,,,,,,,,,,,
208,F25,F,M,64.0,80.0,66.0,73.0,78.0,53.0,70.0,81.0,63.0,63.0,80.0,62.0,71.0,86.0,53.0,74.0,83.0,63.0,71.0,67.0,60.0,67.0,65.0,71.0,75.0,74.0,56.0,89.0,79.0,71.0,61.0,77.0,63.0,69.0,67.0,84.0,83.0,91.0,84.5,91.0,96.0,88.0,76.0,68.0,44.0,103.0,123.0,94.5,77.0,86.0,110.0,99.0,89.5,71.0,47.0
209,F26,F,M,72.0,57.0,67.0,73.0,68.0,71.0,68.0,69.0,49.0,67.0,82.0,73.0,68.0,62.0,57.0,70.0,47.0,62.5,76.0,51.0,61.0,64.0,48.0,56.0,71.0,50.0,51.0,76.0,80.0,35.0,57.0,64.0,62.0,38.0,62.0,70.0,84.0,46.0,65.0,80.0,113.0,40.0,71.0,58.0,32.0,110.0,63.0,88.0,65.0,69.0,103.0,67.0,97.0,52.0,35.0
210,F27,F,M,64.0,69.0,51.0,78.0,72.0,47.0,70.0,86.0,60.0,69.0,64.0,66.0,61.0,48.0,40.0,74.0,61.0,55.5,72.0,59.0,53.0,65.0,42.0,45.0,70.0,64.0,47.0,76.0,80.0,49.0,46.0,73.0,68.0,51.0,48.0,61.0,82.0,51.0,65.0,80.0,105.0,47.0,55.0,35.0,20.0,103.0,70.0,60.5,54.0,36.0,,,,,
211,F28,F,M,60.0,72.0,62.0,67.0,60.0,70.0,68.0,73.0,74.0,67.0,74.0,78.0,49.0,73.0,68.0,67.0,59.0,68.0,,,,74.0,56.0,74.0,,,,,,,,,,,,,,,,,,,,,,,,,,,,,,,
212,F29,F,M,75.0,88.0,74.0,69.0,74.0,78.0,74.0,79.0,73.0,72.0,79.0,82.0,58.0,82.0,71.0,72.0,,85.0,,,,70.0,49.0,73.0,,,,,,,,,,,,,,,,,,,,,,,,,,,,,,,
213,F30,F,M,24.0,5.0,18.0,23.0,4.0,21.0,15.0,17.0,19.0,,,,,,,,,,,,,,,,,,,,,,,,,,,,,,,,,,,,,,,,,,,,,,
214,G01,G,F,79.0,58.0,60.0,65.0,67.0,53.0,77.0,62.0,62.0,74.0,64.0,61.0,74.0,57.0,55.0,78.0,70.0,65.5,79.0,86.0,60.0,70.0,68.0,62.0,81.0,57.0,44.0,92.0,78.0,72.0,62.0,79.0,68.0,73.0,56.0,86.0,83.0,87.0,80.0,92.0,110.0,102.0,75.0,61.0,52.0,122.0,108.0,86.0,76.0,81.0,116.0,111.0,91.5,80.0,50.0
215,G02,G,F,81.0,74.0,75.0,82.0,72.0,62.0,79.0,74.0,68.0,76.0,72.0,78.0,,,,,,,,,,,,,,,,,,,,,,,,,,,,,,,,,,,,,,,,,,,
216,G03,G,F,72.0,80.0,73.0,79.0,73.0,72.0,76.0,79.0,72.0,69.0,69.0,84.0,,,,,,,,,,,,,,,,,,,,,,,,,,,,,,,,,,,,,,,,,,,
217,G04,G,F,74.0,83.0,77.0,76.0,74.0,80.0,78.0,78.0,79.0,79.0,91.0,88.0,75.0,81.0,74.0,83.0,79.0,81.0,78.0,75.0,80.0,77.0,66.0,72.0,81.0,77.0,71.0,84.0,83.0,65.0,69.0,78.0,63.0,74.0,74.0,68.0,88.0,88.0,94.0,81.0,128.0,113.0,90.0,66.0,44.0,117.0,123.0,92.0,75.0,74.0,111.0,114.0,117.5,69.0,41.0
218,G05,G,F,65.0,60.0,71.0,60.0,62.0,77.0,80.0,64.0,76.0,71.0,67.0,83.0,76.0,65.0,67.0,75.0,65.0,76.0,,,,76.0,56.0,76.0,81.0,77.0,75.0,92.0,83.0,70.0,74.0,83.0,72.0,67.0,72.0,69.0,84.0,80.0,95.0,90.0,,,,,,,,,,,,,,,
219,G06,G,F,78.0,81.0,86.0,78.0,78.0,90.0,86.0,77.0,90.0,79.0,72.0,93.0,79.0,89.0,87.0,83.0,89.0,93.5,79.0,86.0,91.0,79.0,83.0,95.0,83.0,88.0,90.0,96.0,85.0,79.0,93.0,82.0,77.0,83.0,91.0,84.0,96.0,111.0,113.5,97.0,123.0,117.0,123.0,78.0,51.0,124.0,130.0,138.5,81.0,94.0,125.0,125.0,142.0,82.0,55.0
220,G07,G,F,72.0,64.0,65.0,67.0,38.0,51.0,75.0,55.0,60.0,70.0,61.0,48.0,64.0,62.0,58.0,69.0,69.0,56.0,,,,75.0,60.0,52.0,72.0,65.0,43.0,79.0,73.0,48.0,54.0,63.0,65.0,62.0,39.0,53.0,86.0,48.0,54.0,63.0,,,,,,,,,,,,,,,
221,G08,G,F,56.0,40.0,69.0,62.0,34.0,53.0,49.0,31.0,48.0,58.0,31.0,57.0,64.0,55.0,50.0,61.0,50.0,54.5,63.0,56.0,53.0,68.0,43.0,39.0,64.0,30.0,44.0,68.0,69.0,28.0,46.0,56.0,54.0,24.0,49.0,34.0,80.0,26.0,47.5,49.0,88.0,30.0,54.0,19.0,19.0,90.0,46.0,60.0,36.0,30.0,100.0,45.0,65.0,29.0,17.0
222,G09,G,F,60.0,57.0,43.0,70.0,38.0,52.0,61.0,19.0,37.0,62.0,27.0,39.0,60.0,18.0,36.0,61.0,35.0,33.0,,,,59.0,17.0,41.0,,,,,,,,,,,,,,,,,,,,,,,,,,,,,,,
223,G10,G,F,67.0,55.0,72.0,76.0,81.0,86.0,70.0,70.0,74.0,66.0,60.0,71.0,66.0,49.0,69.0,79.0,57.0,77.5,71.0,55.0,62.0,67.0,36.0,60.0,68.0,35.0,62.0,60.0,72.0,31.0,62.0,43.0,62.0,34.0,60.0,35.0,75.0,28.0,62.5,55.0,100.0,46.0,75.0,26.0,20.0,109.0,54.0,90.5,46.0,30.0,96.0,64.0,90.0,42.0,16.0
224,G11,G,F,64.0,42.0,67.0,69.0,56.0,52.0,71.0,62.0,62.0,71.0,73.0,53.0,73.0,60.0,63.0,75.0,53.0,54.5,77.0,62.0,64.0,63.0,49.0,53.0,73.0,63.0,51.0,70.0,77.0,35.0,55.0,63.0,66.0,60.0,52.0,58.0,84.0,62.0,72.5,73.0,103.0,63.0,78.0,52.0,42.0,117.0,98.0,89.0,62.0,72.0,98.0,106.0,104.0,62.0,41.0
225,G12,G,F,74.0,73.0,85.0,76.0,70.0,76.0,86.0,83.0,87.0,83.0,85.0,80.0,84.0,82.0,90.0,80.0,81.0,88.5,79.0,77.0,93.0,78.0,67.0,91.0,81.0,87.0,88.0,95.0,84.0,79.0,87.0,75.0,81.0,80.0,82.0,83.0,93.0,103.0,108.0,96.0,131.0,131.0,111.0,73.0,48.0,123.0,127.0,133.0,75.0,91.0,120.0,124.0,131.0,83.0,48.0
226,G13,G,F,61.0,38.0,60.0,65.0,26.0,61.0,61.0,33.0,50.0,70.0,19.0,47.0,70.0,14.0,45.0,67.0,14.0,47.5,67.0,10.0,41.0,67.0,10.0,44.0,64.0,9.0,40.0,56.0,75.0,5.0,42.0,49.0,59.0,2.0,36.0,38.0,70.0,15.0,40.5,53.0,98.0,24.0,49.0,26.0,23.0,93.0,17.0,56.0,32.0,51.0,97.0,24.0,87.0,35.0,26.0
227,G14,G,F,59.0,33.0,57.0,49.0,19.0,55.0,54.0,10.0,51.0,53.0,9.0,41.0,51.0,21.0,46.0,59.0,10.0,45.5,48.0,14.0,52.0,49.0,15.0,39.0,56.0,11.0,39.0,59.0,55.0,2.0,42.0,48.0,53.0,11.0,42.0,21.0,69.0,15.0,53.5,54.0,86.0,4.0,61.0,19.0,14.0,83.0,20.0,44.0,26.0,20.0,75.0,18.0,64.5,23.0,14.0
228,G15,G,M,70.0,70.0,73.0,72.0,72.0,79.0,78.0,71.0,77.0,72.0,69.0,78.0,67.0,61.0,73.0,72.0,67.0,76.5,,,,67.0,71.0,74.0,,,,,,,,,,,,,,,,,,,,,,,,,,,,,,,
229,G16,G,M,78.0,74.0,66.0,59.0,60.0,74.0,75.0,45.0,68.0,74.0,76.0,72.0,76.0,64.0,72.0,84.0,80.0,79.5,82.0,73.0,80.0,79.0,49.0,67.0,83.0,70.0,77.0,92.0,81.0,66.0,74.0,81.0,69.0,69.0,80.0,83.0,84.0,89.0,93.0,90.0,104.0,107.0,114.0,77.0,50.0,113.0,108.0,117.5,85.0,91.0,103.0,119.0,132.0,71.0,49.0
230,G17,G,M,70.0,81.0,66.0,69.0,71.0,70.0,69.0,69.0,73.0,74.0,63.0,79.0,,,,,,,,,,,,,,,,,,,,,,,,,,,,,,,,,,,,,,,,,,,
231,G18,G,M,67.0,77.0,71.0,61.0,77.0,82.0,75.0,80.0,71.0,62.0,71.0,87.0,62.0,71.0,74.0,69.0,74.0,83.5,71.0,79.0,86.0,69.0,57.0,82.0,73.0,80.0,64.0,89.0,75.0,61.0,71.0,73.0,59.0,76.0,69.0,74.0,79.0,94.0,86.0,79.0,103.0,116.0,91.0,69.0,44.0,110.0,117.0,114.0,80.0,82.0,94.0,118.0,123.5,78.0,42.0
232,G19,G,M,69.0,76.0,56.0,69.0,69.0,71.0,73.0,87.0,77.0,74.0,81.0,82.0,67.0,80.0,74.0,75.0,93.0,87.5,68.0,87.0,82.0,72.0,85.0,84.0,75.0,86.0,84.0,91.0,82.0,83.0,87.0,83.0,60.0,80.0,84.0,96.0,83.0,103.0,111.0,96.0,108.0,120.0,103.0,73.0,51.0,111.0,136.0,131.0,89.0,86.0,110.0,141.0,134.0,78.0,54.0
233,G20,G,M,73.0,92.0,75.0,79.0,84.0,74.0,75.0,75.0,80.0,74.0,63.0,85.0,76.0,78.0,72.0,78.0,86.0,78.0,76.0,75.0,78.0,76.0,72.0,85.0,84.0,84.0,76.0,87.0,81.0,55.0,73.0,76.0,76.0,78.0,74.0,76.0,85.0,76.0,91.5,82.0,114.0,90.0,107.0,67.0,44.0,120.0,111.0,117.0,77.0,70.0,108.0,121.0,130.5,76.0,44.0
234,G21,G,M,69.0,49.0,68.0,73.0,57.0,74.0,72.0,66.0,68.0,69.0,47.0,73.0,73.0,47.0,70.0,76.0,56.0,76.5,69.0,50.0,72.0,58.0,41.0,69.0,67.0,42.0,62.0,63.0,78.0,33.0,68.0,69.0,69.0,41.0,68.0,43.0,83.0,43.0,85.0,75.0,101.0,57.0,93.0,53.0,31.0,112.0,71.0,109.5,57.0,48.0,106.0,73.0,108.0,48.0,31.0
235,G22,G,M,62.0,63.0,76.0,72.0,60.0,87.0,74.0,50.0,73.0,72.0,55.0,83.0,72.0,63.0,72.0,72.0,73.0,80.0,,,,77.0,66.0,82.0,,,,,,,,,,,,,,,,,,,,,,,,,,,,,,,
236,G23,G,M,74.0,64.0,79.0,73.0,64.0,81.0,77.0,83.0,80.0,77.0,62.0,82.0,75.0,87.0,80.0,74.0,74.0,88.0,,,,76.0,70.0,80.0,,,,,,,,,,,,,,,,,,,,,,,,,,,,,,,
237,G24,G,M,75.0,62.0,60.0,77.0,55.0,71.0,78.0,64.0,69.0,73.0,54.0,71.0,79.0,44.0,67.0,80.0,61.0,73.0,77.0,66.0,64.0,70.0,37.0,63.0,79.0,54.0,56.0,78.0,79.0,45.0,57.0,67.0,70.0,27.0,55.0,49.0,85.0,36.0,73.0,77.0,127.0,25.0,65.0,44.0,17.0,112.0,34.0,75.0,42.0,24.0,,,,,
238,G25,G,M,67.0,49.0,49.0,55.0,54.0,55.0,72.0,51.0,60.0,74.0,26.0,49.0,45.0,12.0,33.0,74.0,18.0,49.5,77.0,27.0,44.0,66.0,15.0,46.0,78.0,3.0,32.0,79.0,80.0,8.0,45.0,62.0,53.0,12.0,29.0,36.0,77.0,14.0,58.0,67.0,107.0,12.0,35.0,30.0,33.0,94.0,20.0,52.5,46.0,75.0,93.0,10.0,60.0,42.0,39.0
239,G26,G,M,41.0,43.0,57.0,51.0,63.0,69.0,69.0,73.0,70.0,45.0,57.0,66.0,52.0,50.0,62.0,67.0,41.0,68.5,35.0,41.0,76.0,55.0,47.0,66.0,70.0,37.0,46.0,69.0,33.0,13.0,57.0,58.0,37.0,28.0,48.0,35.0,58.0,28.0,36.0,48.0,85.0,52.0,59.0,48.0,47.0,69.0,54.0,65.0,57.0,74.0,54.0,68.0,74.0,41.0,42.0
240,G27,G,M,70.0,80.0,77.0,69.0,75.0,77.0,76.0,87.0,79.0,82.0,56.0,78.0,77.0,74.0,74.0,78.0,75.0,81.5,76.0,84.0,86.0,73.0,81.0,81.0,85.0,63.0,77.0,84.0,79.0,74.0,78.0,85.0,73.0,73.0,78.0,81.0,91.0,93.0,102.0,98.0,112.0,119.0,106.0,67.0,51.0,119.0,133.0,123.0,88.0,86.0,112.0,114.0,134.5,74.0,52.0
241,G28,G,M,69.0,81.0,53.0,62.0,69.0,50.0,72.0,73.0,67.0,74.0,62.0,58.0,71.0,71.0,57.0,77.0,61.0,64.0,,,,70.0,69.0,58.0,,,,,,,,,,,,,,,,,,,,,,,,,,,,,,,
242,G29,G,M,59.0,12.0,62.0,57.0,9.0,54.0,48.0,12.0,48.0,60.0,19.0,58.0,57.0,10.0,50.0,62.0,18.0,45.5,59.0,18.0,60.0,60.0,4.0,44.0,54.0,7.0,46.0,47.0,58.0,2.0,45.0,53.0,49.0,5.0,41.0,17.0,61.0,43.0,62.0,46.0,86.0,4.0,51.0,22.0,14.0,89.0,10.0,58.0,30.0,25.0,78.0,26.0,77.5,29.0,9.0
243,G30,G,M,66.0,56.0,72.0,70.0,62.0,70.0,71.0,61.0,72.0,62.0,64.0,78.0,56.0,52.0,74.0,64.0,55.0,77.5,57.0,73.0,82.0,67.0,63.0,68.0,64.0,64.0,76.0,79.0,58.0,58.0,78.0,78.0,41.0,63.0,74.0,67.0,65.0,73.0,98.0,89.0,95.0,92.0,95.0,60.0,49.0,85.0,85.0,110.5,68.0,88.0,102.0,103.0,123.5,68.0,50.0
244,E32,E,,,,,,,,,,,,,,,,,,,,,,,,,,70.0,61.0,76.0,78.0,79.0,41.0,84.0,75.0,69.0,46.0,78.0,56.0,84.0,58.0,102.5,70.0,101.0,56.0,115.0,68.0,38.0,114.0,94.0,119.5,63.0,66.0,,,,,
245,D04,D,F,79.0,98.0,92.0,81.0,88.0,95.0,81.0,91.0,94.0,81.0,93.0,92.0,82.0,96.0,90.0,81.0,90.0,96.0,77.0,90.0,94.0,77.0,90.0,91.0,88.0,97.0,85.0,91.0,83.0,86.0,92.0,90.0,75.0,82.0,91.0,86.0,91.0,112.0,113.0,97.0,120.0,116.0,126.0,75.0,56.0,125.0,136.0,140.5,89.0,89.0,118.0,129.0,144.0,81.0,52.0
246,B06,B,F,78.0,93.0,95.0,87.0,100.0,100.0,91.0,97.0,98.0,90.0,93.0,98.0,84.0,95.0,99.0,91.0,97.0,97.0,86.0,94.0,96.0,86.0,89.0,99.0,92.0,98.0,100.0,97.0,87.0,93.0,99.0,86.0,83.0,91.0,98.0,95.0,100.0,118.0,115.5,99.0,140.0,144.0,137.0,90.0,57.0,130.0,144.0,146.5,98.0,97.0,134.0,136.0,147.5,88.0,57.0
247,B07,B,F,82.0,96.0,98.0,88.0,92.0,100.0,90.0,96.0,99.0,89.0,95.0,98.0,82.0,90.0,97.0,88.0,88.0,99.0,89.0,91.0,97.0,88.0,86.0,96.0,90.0,83.0,96.0,95.0,88.0,86.0,98.0,92.0,81.0,79.0,93.0,91.0,94.0,93.0,119.0,98.0,135.0,141.0,134.0,81.0,54.0,135.0,146.0,141.5,92.0,95.0,129.0,135.0,145.0,85.0,45.0
248,B08,B,F,77.0,93.0,97.0,81.0,86.0,92.0,85.0,95.0,98.0,82.0,90.0,97.0,80.0,92.0,95.0,80.0,89.0,94.0,84.0,85.0,94.0,80.0,84.0,92.0,82.0,91.0,96.0,84.0,87.0,72.0,92.0,83.0,76.0,78.0,90.0,86.0,90.0,97.0,116.5,86.0,127.0,136.0,133.0,80.0,49.0,132.0,142.0,143.0,84.0,95.0,120.0,116.0,138.0,82.0,47.0
249,B09,B,F,79.0,95.0,91.0,82.0,94.0,91.0,82.0,95.0,93.0,81.0,95.0,92.0,82.0,93.0,88.0,85.0,98.0,95.5,86.0,82.0,93.0,72.0,94.0,92.0,89.0,86.0,90.0,93.0,91.0,88.0,94.0,88.0,80.0,89.0,91.0,92.0,97.0,110.0,105.5,99.0,126.0,136.0,128.0,76.0,49.0,129.0,147.0,144.0,87.0,89.0,127.0,143.0,131.0,84.0,49.0
250,B10,B,F,80.0,96.0,88.0,81.0,95.0,95.0,85.0,94.0,99.0,84.0,95.0,97.0,87.0,94.0,95.0,89.0,92.0,96.5,80.0,95.0,95.0,86.0,90.0,93.0,89.0,97.0,95.0,95.0,89.0,84.0,96.0,89.0,82.0,88.0,93.0,94.0,105.0,104.0,116.0,96.0,123.0,139.0,135.0,77.0,48.0,132.0,143.0,141.0,88.0,93.0,129.0,127.0,140.0,85.0,52.0
251,B11,B,F,78.0,99.0,89.0,81.0,92.0,87.0,79.0,97.0,95.0,84.0,98.0,94.0,79.0,95.0,95.0,85.0,96.0,91.5,75.0,98.0,95.0,79.0,92.0,92.0,77.0,95.0,89.0,92.0,88.0,87.0,97.0,94.0,76.0,85.0,93.0,93.0,91.0,103.0,112.5,94.0,126.0,137.0,126.0,79.0,50.0,130.0,139.0,140.0,83.0,92.0,119.0,136.0,136.0,87.0,54.0
252,B12,B,F,79.0,93.0,94.0,82.0,93.0,92.0,79.0,96.0,93.0,81.0,94.0,92.0,76.0,88.0,85.0,83.0,95.0,89.0,77.0,92.0,92.0,79.0,87.0,86.0,78.0,98.0,85.0,96.0,86.0,94.0,89.0,91.0,78.0,82.0,89.0,81.0,90.0,109.0,105.5,93.0,125.0,132.0,127.0,80.0,52.0,117.0,133.0,140.5,88.0,87.0,121.0,140.0,138.0,83.0,49.0
